1;INGRESOS
1.0;DISPONIBILIDAD INICIAL
1.0.01;CAJA
1.0.02;BANCOS
1.0.03;INVERSIONES TEMPORALES
1.1;INGRESOS CORRIENTES
1.1.02;NO TRIBUTARIOS
1.1.02.04;OPERACIONALES
1.1.02.04.01;VENTA DE BIENES
1.1.02.04.01.07;LICORES
1.1.02.04.01.07.01;PRODUCIDOS FUERA DEL DEPARTAMENTO
1.1.02.04.01.07.03;PRODUCIDOS EN EL DEPARTAMENTO
1.1.02.04.01.09;ALCOHOLES INDUSTRIALES
1.1.02.04.01.11;PRODUCTOS AGRÍCOLAS
1.1.02.04.01.13;PRODUCTOS FORESTALES
1.1.02.04.01.15;RECURSOS PISCÍCOLAS
1.1.02.04.01.17;PRODUCTOS ARTESANALES
1.1.02.04.01.19;PRODUCTOS EXTRAÍDOS Y PROCESADOS
1.1.02.04.01.21;SUBPRODUCTOS Y RESIDUOS
1.1.02.04.01.23;PRODUCTOS QUÍMICOS
1.1.02.04.01.25;PRODUCTOS ALIMENTICIOS MANUFACTURADOS
1.1.02.04.01.29;AGUA TRATADA
1.1.02.04.01.31;MEDICAMENTOS
1.1.02.04.01.33;MEDICAMENTOS DE USO VETERINARIO
1.1.02.04.01.35;IMPRESOS Y PUBLICACIONES
1.1.02.04.01.37;CONSTRUCCIONES TERMINADAS
1.1.02.04.01.39;PRODUCTOS DE LA GACETA
1.1.02.04.01.98;OTRAS VENTAS DE BIENES
1.1.02.04.03;VENTA DE SERVICIOS
1.1.02.04.03.03;SERVICIOS DE PREVISIÓN SOCIAL
1.1.02.04.03.03.01;ASISTENCIA SOCIAL
1.1.02.04.03.03.03;PROGRAMAS ESPECIALES
1.1.02.04.03.03.05;LICENCIAS
1.1.02.04.03.03.98;OTROS SERVICIOS DE PREVISIÓN SOCIAL
1.1.02.04.03.05;SERVICIOS DE SALUD
1.1.02.04.03.05.02;RÉGIMEN CONTRIBUTIVO
1.1.02.04.03.05.02.01;CAPITADOS
1.1.02.04.03.05.02.03;NO CAPITADOS
1.1.02.04.03.05.04;RÉGIMEN SUBSIDIADO
1.1.02.04.03.05.04.01;CAPITADOS
1.1.02.04.03.05.04.03;NO CAPITADOS
1.1.02.04.03.05.06;ATENCIÓN A LA POBLACIÓN POBRE EN LO NO CUBIERTO CON SUBSIDIOS A LA DEMANDA
1.1.02.04.03.05.06.01;CAPITADOS
1.1.02.04.03.05.06.03;NO CAPITADOS
1.1.02.04.03.05.08;CUOTAS DE RECUPERACIÓN
1.1.02.04.03.05.10;COPAGOS Y CUOTAS MODERADORAS
1.1.02.04.03.05.12;SEGURO OBLIGATORIO DE ACCIDENTES DE TRÁNSITO (SOAT)
1.1.02.04.03.05.14;SOLIDARIDAD Y GARANTÍAS
1.1.02.04.03.05.14.01;FONDO DE SOLIDARIDAD Y GARANTÍAS (FOSYGA)
1.1.02.04.03.05.14.03;EVENTOS CATASTRÓFICOS Y ACCIDENTES DE TRÁNSITO (ECAT)
1.1.02.04.03.05.16;PLAN DE INTERVENCIONES COLECTIVAS (PIC)
1.1.02.04.03.05.18;REGÍMENES ESPECIALES
1.1.02.04.03.05.98;OTROS SERVICIOS DE SALUD
1.1.02.04.03.05.98.01;PROMOCIÓN Y PREVENCIÓN
1.1.02.04.03.05.98.03;ATENCIÓN PRE-HOSPITALARIA (APH)
1.1.02.04.03.05.98.05;INSTITUCIONES PRESTADORAS DE SERVICIOS DE SALUD
1.1.02.04.03.05.98.07;PARTICULARES
1.1.02.04.03.05.98.09;FONDOS LOCALES DE SALUD
1.1.02.04.03.05.98.11;ENTES TERRITORIALES
1.1.02.04.03.05.98.98;OTROS SERVICIOS DE SALUD NO ESPECIFICADOS
1.1.02.04.03.07;SERVICIOS DE ENERGÍA
1.1.02.04.03.07.01;INSTALACIONES
1.1.02.04.03.07.03;ALUMBRADO PÚBLICO
1.1.02.04.03.07.05;RECONEXIONES
1.1.02.04.03.07.07;VENTAS A LARGO PLAZO
1.1.02.04.03.07.07.01;AL SECTOR ELÉCTRICO PÚBLICO
1.1.02.04.03.07.07.03;AL RESTO DEL SECTOR PÚBLICO
1.1.02.04.03.07.07.05;AL SECTOR PRIVADO
1.1.02.04.03.07.07.98;OTRAS VENTAS A LARGO PLAZO
1.1.02.04.03.07.08;SERVICIO DE REGULACIÓN SECUNDARIA DE FRECUENCIA - AGC
1.1.02.04.03.07.09;VENTAS EN BOLSA Y/O CORTO PLAZO
1.1.02.04.03.07.09.01;INGRESOS DEL SISTEMA DE TRANSMISIÓN NACIONAL
1.1.02.04.03.07.09.03;INGRESOS DEL SISTEMA DE TRANSMISIÓN REGIONAL
1.1.02.04.03.07.10;PRIMA CONTRATO DE OPCIÓN
1.1.02.04.03.07.11;USO DE LÍNEAS Y REDES
1.1.02.04.03.07.13;POR SERVICIO DE CONEXIÓN
1.1.02.04.03.07.15;ADMINISTRACIÓN DE CENTROS DE CONTROL Y DESPACHO
1.1.02.04.03.07.17;CARGO FIJO
1.1.02.04.03.07.19;CONSUMO
1.1.02.04.03.07.21;CONSUMO SIN MEDICIÓN
1.1.02.04.03.07.98;OTROS SERVICIOS DE ENERGÍA
1.1.02.04.03.09;SERVICIOS DE ACUEDUCTO
1.1.02.04.03.09.01;CARGO FIJO
1.1.02.04.03.09.03;CONSUMO
1.1.02.04.03.09.05;CONSUMO SIN MEDICIÓN
1.1.02.04.03.09.07;CONEXIÓN
1.1.02.04.03.09.09;RECONEXIONES
1.1.02.04.03.09.11;VENTA EN BLOQUE
1.1.02.04.03.09.13;VENTA DE AGUA CRUDA
1.1.02.04.03.09.98;OTROS SERVICIOS DE ACUEDUCTO
1.1.02.04.03.11;SERVICIOS DE ALCANTARILLADO
1.1.02.04.03.11.01;CARGO FIJO
1.1.02.04.03.11.03;CONSUMO
1.1.02.04.03.11.05;CONEXIÓN
1.1.02.04.03.11.07;POR TRATAMIENTO DE AGUAS RESIDUALES
1.1.02.04.03.11.98;OTROS SERVICIOS DE ALCANTARILLADO
1.1.02.04.03.13;SERVICIOS DE ASEO
1.1.02.04.03.13.01;TARIFA RESIDENCIAL
1.1.02.04.03.13.03;TARIFA PEQUEÑOS PRODUCTORES
1.1.02.04.03.13.05;TARIFA GRANDES PRODUCTORES
1.1.02.04.03.13.07;VENTA DE PRODUCTOS RESIDUALES
1.1.02.04.03.13.09;POR DISPOSICIÓN FINAL
1.1.02.04.03.13.11;MANEJO COMERCIAL Y FINANCIERO DEL SERVICIO
1.1.02.04.03.13.98;OTROS SERVICIOS DE ASEO
1.1.02.04.03.15;SERVICIOS DE GAS Y COMBUSTIBLE
1.1.02.04.03.15.01;INSTALACIÓN
1.1.02.04.03.15.03;CONEXIÓN
1.1.02.04.03.15.05;USO DE REDES DEL SISTEMA DE GAS NATURAL
1.1.02.04.03.15.07;USO DE POLIDUCTOS Y PROPANODUCTOS
1.1.02.04.03.15.09;POR VEHÍCULOS, TANQUES GAS PROPANO
1.1.02.04.03.15.11;FLUVIAL GAS PROPANO
1.1.02.04.03.15.13;VENTAS AL POR MAYOR POR PROPANODUCTOS
1.1.02.04.03.15.15;VENTA EN CILINDROS
1.1.02.04.03.15.17;VENTA EN TANQUES ESTACIONARIOS
1.1.02.04.03.15.19;VENTA A TRAVÉS DE REDES LOCALES
1.1.02.04.03.15.21;RECONEXIÓN Y REINSTALACIÓN
1.1.02.04.03.15.23;CARGO FIJO
1.1.02.04.03.15.25;CONSUMO
1.1.02.04.03.15.27;CARGO POR DISTRIBUCIÓN
1.1.02.04.03.15.29;CARGO POR CONEXIÓN
1.1.02.04.03.15.31;REVISIONES INTERNAS
1.1.02.04.03.15.33;VENTA EN BLOQUE
1.1.02.04.03.15.98;OTROS SERVICIOS DE GAS COMBUSTIBLE
1.1.02.04.03.17;SERVICIOS TRÁNSITO Y TRANSPORTE
1.1.02.04.03.17.21;SERVICIOS DE TRANSPORTE AÉREO
1.1.02.04.03.17.21.01;UTILIZACIÓN DE TERMINALES
1.1.02.04.03.17.21.03;UTILIZACIÓN DE PISTAS
1.1.02.04.03.17.21.05;UTILIZACIÓN DE PLATAFORMAS
1.1.02.04.03.17.21.07;SERVICIÓS DE AERONAVEGACIÓN
1.1.02.04.03.19;SERVICIOS DE TELECOMUNICACIONES
1.1.02.04.03.19.01;TÉLEX Y TELÉGRAFOS
1.1.02.04.03.19.03;CORREO NACIONAL
1.1.02.04.03.19.05;CORREO INTERNACIONAL
1.1.02.04.03.19.07;SERVICIOS INFORMÁTICOS
1.1.02.04.03.19.09;LICENCIAS
1.1.02.04.03.19.11;CORREO AÉREO
1.1.02.04.03.19.13;COMISIONES DE GIRO
1.1.02.04.03.19.15;CARGO FIJO
1.1.02.04.03.19.17;CARGO VARIABLE NACIONAL
1.1.02.04.03.19.19;CARGO VARIABLE INTERNACIONAL
1.1.02.04.03.19.21;APORTES DE CONEXIÓN
1.1.02.04.03.19.23;RECENSIÓN
1.1.02.04.03.19.25;REINSTALACIÓN
1.1.02.04.03.19.27;ACCESO Y USO DE REDES
1.1.02.04.03.19.29;ACCESO A INTERNET
1.1.02.04.03.19.31;ALQUILER DE EQUIPOS
1.1.02.04.03.19.33;TELÉFONOS PÚBLICOS RED LOCAL
1.1.02.04.03.19.35;TELÉFONOS PÚBLICOS RED LOCAL EXTENDIDA
1.1.02.04.03.19.37;TELÉFONOS PÚBLICOS RED LOCAL RURAL
1.1.02.04.03.19.39;TELÉFONOS PÚBLICOS  LARGA DISTANCIA NACIONAL
1.1.02.04.03.19.41;TELÉFONOS PÚBLICOS LARGA DISTANCIA INTERNACIONAL
1.1.02.04.03.19.43;TELÉFONOS PÚBLICOS REDES COMBINADAS
1.1.02.04.03.19.45;CIRCUITOS DEDICADOS
1.1.02.04.03.19.47;PARES AISLADOS O DOMICILIARIOS
1.1.02.04.03.19.49;CORREO ELECTRÓNICO
1.1.02.04.03.19.51;OPERACIÓN CONJUNTA
1.1.02.04.03.19.53;PARTICIPACIÓN EN DIRECTORIOS
1.1.02.04.03.19.55;PARTICIPACIÓN DE CONECTANTES INTERNACIONALES
1.1.02.04.03.19.57;RADIO DIFUSIÓN SONORA
1.1.02.04.03.19.59;RETRANSMISIONES
1.1.02.04.03.19.61;SERVICIO INTERZONAL ROATING
1.1.02.04.03.19.63;SERVICIO PORTADOR
1.1.02.04.03.19.65;FACSÍMIL
1.1.02.04.03.19.67;TELETEXTO
1.1.02.04.03.19.69;DIFUSIÓN DE TELEVISIÓN
1.1.02.04.03.19.71;VÍDEO CONFERENCIA
1.1.02.04.03.19.73;VIDEOTEXTO
1.1.02.04.03.19.75;TRANSFERENCIA DE DATOS
1.1.02.04.03.19.77;SERVICIOS SUPLEMENTARIOS
1.1.02.04.03.19.98;OTROS SERVICIOS DE TELECOMUNICACIONES
1.1.02.04.03.21;JUEGOS DE SUERTE Y AZAR
1.1.02.04.03.21.01;LOTERÍAS ORDINARIAS
1.1.02.04.03.21.01.01;DEPARTAMENTO
1.1.02.04.03.21.01.03;RESTO DEL PAÍS
1.1.02.04.03.21.03;APUESTAS PERMANENTES
1.1.02.04.03.21.05;RIFAS
1.1.02.04.03.21.07;SORTEOS
1.1.02.04.03.21.09;JUEGOS EN LÍNEA
1.1.02.04.03.21.11;CERTIFICACIONES Y DERECHOS
1.1.02.04.03.21.13;SORTEOS EXTRAORDINARIOS
1.1.02.04.03.21.15;LICENCIAS
1.1.02.04.03.21.98;OTROS JUEGOS DE SUERTE Y AZAR
1.1.02.04.03.23;SERVICIOS HOTELEROS
1.1.02.04.03.23.01;HOTELERÍA
1.1.02.04.03.23.03;CAMPAMENTOS
1.1.02.04.03.23.05;PROMOCIÓN DE VACACIONES Y RECREACIÓN
1.1.02.04.03.23.07;TURISMO
1.1.02.04.03.23.98;OTROS SERVICIOS HOTELEROS
1.1.02.04.03.24;SERVICIOS FINANCIEROS
1.1.02.04.03.24.01;AMORTIZACIONES
1.1.02.04.03.24.03;INTERESES SOBRE CRÉDITOS
1.1.02.04.03.24.05;INTERESES DE TESORERÍA
1.1.02.04.03.24.07;COMISIONES
1.1.02.04.03.24.98;OTROS SERVICIOS FINANCIEROS
1.1.02.04.03.31;OTROS SERVICIOS
1.1.02.04.03.31.01;TARIFAS
1.1.02.04.03.31.03;SERVICIOS DE APOYO INDUSTRIAL
1.1.02.04.03.31.05;TRANSFERENCIA DE TECNOLOGÍA
1.1.02.04.03.31.07;ASISTENCIA TÉCNICA
1.1.02.04.03.31.09;SERVICIOS INFORMATIVOS
1.1.02.04.03.31.11;SERVICIOS DE ALMACENAMIENTO Y PESAJE
1.1.02.04.03.31.13;PUBLICIDAD
1.1.02.04.03.31.17;PROVEEDURÍAS
1.1.02.04.03.31.19;COMERCIALIZACIÓN
1.1.02.04.03.31.21;COPROPIEDAD
1.1.02.04.03.31.23;CERTIFICADOS
1.1.02.04.03.31.25;LICENCIAS
1.1.02.04.03.31.27;ADMINISTRACIÓN DE PROYECTOS
1.1.02.04.03.31.29;COMISIONES
1.1.02.04.03.31.98;OTROS SERVICIOS NO ESPECIFICADOS
1.1.02.04.05;OPERACIONES COMERCIALES
1.1.02.04.05.07;LICORES
1.1.02.04.05.09;TERRENOS
1.1.02.04.05.11;PRODUCTOS AGRÍCOLAS
1.1.02.04.05.13;PRODUCTOS PECUARIOS
1.1.02.04.05.13.01;ESPECIES VALORADAS
1.1.02.04.05.13.03;SEMOVIENTES
1.1.02.04.05.13.98;OTROS PRODUCTOS PECUARIOS
1.1.02.04.05.15;PRODUCTOS FORESTALES
1.1.02.04.05.17;RECURSOS PISCÍCOLAS
1.1.02.04.05.19;PRODUCTOS ARTESANALES
1.1.02.04.05.21;PRODUCTOS EXTRAÍDOS
1.1.02.04.05.23;PRODUCTOS QUÍMICOS
1.1.02.04.05.25;VÍVERES Y RANCHO
1.1.02.04.05.29;MATERIAL REACTIVO
1.1.02.04.05.31;AGUA TRATADA
1.1.02.04.05.33;MEDICAMENTOS
1.1.02.04.05.35;MATERIAL MEDICO-QUIRÚRGICO
1.1.02.04.05.37;IMPRESOS Y PUBLICACIONES
1.1.02.04.05.39;CONSTRUCCIONES PARA LA VENTA
1.1.02.04.05.98;OTRAS OPERACIONES COMERCIALES
1.1.02.04.07;ARRENDAMIENTOS
1.1.02.04.09;ALQUILER DE MAQUINARIA Y EQUIPO
1.1.02.04.11;LICITACIONES
1.1.02.04.13;APROVECHAMIENTOS DE ENTIDADES DESCENTRALIZADAS
1.1.02.05;APORTES
1.1.02.05.01;APORTES PATRONALES
1.1.02.05.03;APORTES DE AFILIADOS
1.1.02.05.05;APORTES DE OTRAS ENTIDADES
1.1.02.05.05.01;DEL NIVEL NACIONAL
1.1.02.05.05.01.01;DEL NIVEL CENTRAL NACIONAL
1.1.02.05.05.01.01.01;COFINANCIACIÓN
1.1.02.05.05.01.01.98;OTROS APORTES DEL NIVEL CENTRAL NACIONAL
1.1.02.05.05.01.03;DE ENTIDADES DESCENTRALIZADAS NACIONALES
1.1.02.05.05.01.03.01;DE ENTIDADES NO FINANCIERAS NACIONALES
1.1.02.05.05.01.03.01.01;DE ENTIDADES NO FINANCIERAS NACIONALES NO CONSIDERADAS EMPRESAS
1.1.02.05.05.01.03.01.01.98;OTROS APORTES DE ENTIDADES NO FINANCIERAS NACIONALES NO CONSIDERADAS EMPRESAS
1.1.02.05.05.01.03.01.03;DE EMPRESAS NO FINANCIERAS NACIONALES
1.1.02.05.05.01.03.01.03.98;OTROS APORTES DE EMPRESAS NO FINANCIERAS NACIONALES
1.1.02.05.05.03;DEL NIVEL DEPARTAMENTAL
1.1.02.05.05.03.01;DEL NIVEL CENTRAL DEPARTAMENTAL
1.1.02.05.05.03.01.98;OTROS APORTES DEL NIVEL CENTRAL DEPARTAMENTAL
1.1.02.05.05.03.03;DE ENTIDADES DESCENTRALIZADAS DEPARTAMENTALES
1.1.02.05.05.03.03.01;DE ENTIDADES NO FINANCIERAS DEPARTAMENTALES
1.1.02.05.05.03.03.01.01;DE ENTIDADES NO FINANCIERAS DEPARTAMENTALES NO CONSIDERADAS EMPRESAS
1.1.02.05.05.03.03.01.03;DE EMPRESAS NO FINANCIERAS DEPARTAMENTALES
1.1.02.05.05.03.03.01.03.98;OTROS APORTES DE EMPRESAS NO FINANCIERAS DEPARTAMENTALES
1.1.02.05.05.05;DEL NIVEL MUNICIPAL Y/O DISTRITAL
1.1.02.05.05.05.01;DEL NIVEL CENTRAL MUNICIPAL Y/O DISTRITAL
1.1.02.05.05.05.03;DE ENTIDADES DESCENTRALIZADAS MUNICIPALES Y/O DISTRITALES
1.1.02.05.05.05.03.01;DE ENTIDADES NO FINANCIERAS MUNICIPALES Y/O DISTRITALES
1.1.02.05.05.05.03.01.01;DE ENTIDADES NO FINANCIERAS MUNICIPALES Y/O DISTRITALES NO CONSIDERADAS EMPRESAS
1.1.02.05.05.05.03.01.03;DE EMPRESAS NO FINANCIERAS MUNICIPALES Y/O DISTRITALES
1.1.02.05.05.07;DE PARTICULARES Y ORGANISMOS PRIVADOS
1.1.02.05.05.07.01;DE LOS HOGARES
1.1.02.05.05.07.03;DE EMPRESAS PRIVADAS NO FINANCIERAS
1.1.02.05.05.07.05;DE EMPRESAS PRIVADAS FINANCIERAS
1.1.02.05.05.09;DE ORGANISMOS INTERNACIONALES
1.1.02.06;COMISIONES POR RECAUDO A OTRAS ENTIDADES
1.1.02.98;OTROS INGRESOS NO TRIBUTARIOS
1.1.02.98.03;COBRO - SERVICIOS PÚBLICOS
1.1.02.98.05;CONTRAPRESTACIÓN DE CONCESIONES
1.1.02.98.09;CONVENIOS DE DESEMPEÑO
1.1.02.98.11;CONVENIOS DOCENTES Y ASISTENCIALES
1.1.02.98.13;CONVENIOS CON FONDOS LOCALES DE SALUD
1.1.02.98.15;OTROS CONVENIOS
1.1.02.98.98;OTROS INGRESOS NO TRIBUTARIOS NO ESPECIFICADOS
1.2;RECURSOS DE CAPITAL
1.2.01;RECURSOS DEL CRÉDITO
1.2.01.01;EXTERNO
1.2.01.01.01;BANCA COMERCIAL
1.2.01.01.02;MULTILATERAL
1.2.01.01.03;FOMENTO
1.2.01.01.04;GOBIERNOS
1.2.01.01.05;PROVEEDORES
1.2.01.01.06;BONOS Y TÍTULOS
1.2.01.01.98;OTROS
1.2.01.02;INTERNO
1.2.01.02.01;BANCA COMERCIAL
1.2.01.02.05;PROVEEDORES
1.2.01.02.06;BONOS Y TÍTULOS
1.2.01.02.08;SECTOR PÚBLICO
1.2.01.02.98;OTROS
1.2.02;OTROS RECURSOS DE CAPITAL
1.2.02.01;RECURSOS DEL BALANCE
1.2.02.01.01;RECUPERACIÓN DE CARTERA
1.2.02.01.01.03;PRÉSTAMOS CONCEDIDOS - CAPITAL
1.2.02.01.01.05;PRÉSTAMOS CONCEDIDOS - INTERESES
1.2.02.01.01.98;OTRAS RECUPERACIONES DE CARTERA
1.2.02.01.03;CANCELACIÓN DE RESERVAS
1.2.02.01.05;REINTEGROS
1.2.02.01.09;INGRESOS POR DESCAPITALIZACIONES
1.2.02.01.98;OTROS RECURSOS DEL BALANCE
1.2.02.02;VENTA DE ACTIVOS
1.2.02.02.01;VENTA DE ACTIVOS NO FINANCIEROS
1.2.02.02.01.01;VENTA DE TERRENOS
1.2.02.02.01.01.01;VENTA DE TERRENOS -OTRAS DESTINACIONES ESPECÍFICAS-
1.2.02.02.01.03;VENTA DE EDIFICIOS
1.2.02.02.01.03.01;VENTA DE EDIFICIOS -OTRAS DESTINACIONES ESPECÍFICAS-
1.2.02.02.01.05;VENTA DE MAQUINARIA Y EQUIPO
1.2.02.02.01.05.01;VENTA DE MAQUINARIA Y EQUIPO -OTRAS DESTINACIONES ESPECÍFICAS-
1.2.02.02.01.98;VENTA DE OTROS ACTIVOS NO FINANCIEROS
1.2.02.02.03;VENTAS DE ACTIVOS FINANCIEROS
1.2.02.02.03.01;VENTAS DE ACTIVOS FINANCIEROS -OTRAS DESTINACIONES ESPECÍFICAS-
1.2.02.03;RENDIMIENTOS POR OPERACIONES FINANCIERAS
1.2.02.03.01;INTERESES
1.2.02.03.01.01;PROVENIENTES DE RECURSOS DE LIBRE DESTINACIÓN
1.2.02.03.01.01.98;OTROS INTERESES DE LIBRE DESTINACIÓN
1.2.02.03.01.03;PROVENIENTES DE RECURSOS DE DESTINACIÓN ESPECÍFICA
1.2.02.03.01.03.98;OTROS INTERESES DE DESTINACIÓN ESPECÍFICA
1.2.02.03.03;DIVIDENDOS
1.2.02.03.03.01;PROVENIENTES DE OPERACIONES BANCARIAS
1.2.02.03.03.03;PROVENIENTES DE PAPELES
1.2.02.03.03.05;PROVENIENTES DE LA PARTICIPACIÓN EN CAPITAL DE EMPRESAS PÚBLICAS FINANCIERAS
1.2.02.03.03.07;PROVENIENTES DE LA PARTICIPACIÓN EN CAPITAL DE EMPRESAS PÚBLICAS NO FINANCIERAS
1.2.02.03.05;CORRECCIÓN MONETARIA
1.2.02.03.98;OTROS RENDIMIENTOS POR OPERACIONES FINANCIERAS
1.2.02.04;DIFERENCIAL CAMBIARIO
1.2.02.05;APORTES DE CAPITAL
1.2.02.05.01;DEL NIVEL NACIONAL
1.2.02.05.01.01;DEL NIVEL CENTRAL NACIONAL
1.2.02.05.01.03;DE ENTIDADES DESCENTRALIZADAS NACIONALES
1.2.02.05.01.03.01;DE ENTIDADES NO FINANCIERAS NACIONALES
1.2.02.05.01.03.01.01;DE ENTIDADES NO FINANCIERAS NACIONALES NO CONSIDERADAS EMPRESAS
1.2.02.05.01.03.01.03;DE EMPRESAS NO FINANCIERAS NACIONALES
1.2.02.05.01.03.03;DE EMPRESAS FINANCIERAS NACIONALES
1.2.02.05.01.03.03.01;DE EMPRESAS FINANCIERAS DE DEPÓSITO NACIONALES
1.2.02.05.01.03.03.03;DE EMPRESAS FINANCIERAS DE NO DEPÓSITO NACIONALES
1.2.02.05.03;DEL NIVEL DEPARTAMENTAL
1.2.02.05.03.01;DEL NIVEL CENTRAL DEPARTAMENTAL
1.2.02.05.03.03;DE ENTIDADES DESCENTRALIZADAS DEPARTAMENTALES
1.2.02.05.03.03.01;DE ENTIDADES NO FINANCIERAS DEPARTAMENTALES
1.2.02.05.03.03.01.01;DE ENTIDADES NO FINANCIERAS DEPARTAMENTALES NO CONSIDERADAS EMPRESAS
1.2.02.05.03.03.01.03;DE EMPRESAS NO FINANCIERAS DEPARTAMENTALES
1.2.02.05.03.03.03;DE EMPRESAS FINANCIERAS DEPARTAMENTALES
1.2.02.05.05;DEL NIVEL MUNICIPAL Y/O DISTRITAL
1.2.02.05.05.01;DEL NIVEL CENTRAL MUNICIPAL Y/O DISTRITAL
1.2.02.05.05.03;DE ENTIDADES DESCENTRALIZADAS MUNICIPALES Y/O DISTRITALES
1.2.02.05.05.03.01;DE ENTIDADES NO FINANCIERAS MUNICIPALES Y/O DISTRITALES
1.2.02.05.05.03.01.01;DE ENTIDADES NO FINANCIERAS MUNICIPALES Y/O DISTRITALES NO CONSIDERADAS EMPRESAS
1.2.02.05.05.03.01.03;DE EMPRESAS NO FINANCIERAS MUNICIPALES Y/O DISTRITALES
1.2.02.05.05.03.03;DE EMPRESAS FINANCIERAS MUNICIPALES Y/O DISTRITALES
1.2.02.05.07;DE PARTICULARES Y ORGANISMOS PRIVADOS
1.2.02.05.07.01;DE LOS HOGARES
1.2.02.05.07.03;DE EMPRESAS PRIVADAS NO FINANCIERAS
1.2.02.05.07.05;DE EMPRESAS PRIVADAS FINANCIERAS
1.2.02.05.09;DE ORGANISMOS INTERNACIONALES
1.2.02.06;DONACIONES
1.2.02.06.01;DE PARTICULARES Y ORGANISMOS PRIVADOS
1.2.02.06.01.01;DE LOS HOGARES
1.2.02.06.01.03;DE EMPRESAS PRIVADAS NO FINANCIERAS
1.2.02.06.01.05;DE EMPRESAS PRIVADAS FINANCIERAS
1.2.02.06.03;DE ORGANISMOS INTERNACIONALES
1.2.02.07;UTILIDADES Y EXCEDENTES FINANCIEROS
1.2.02.07.03;EXCEDENTES DE ESTABLECIMIENTOS PÚBLICOS
1.2.02.07.03.98;OTROS EXCEDENTES DE ESTABLECIMIENTOS PÚBLICOS
1.2.02.07.05;UTILIDADES DE EMPRESAS INDUSTRIALES Y COMERCIALES
1.2.02.07.05.98;OTRAS UTILIDADES DE EMPRESAS INDUSTRIALES Y COMERCIALES
1.2.02.07.07;UTILIDADES DE ENTIDADES FINANCIERAS
1.2.02.07.07.01;UTILIDAD EN VENTA BIENES RECIBIDOS EN PAGO
1.2.02.07.07.03;UTILIDAD EN VENTA DE PROPIEDADES Y EQUIPO
1.2.02.07.07.05;UTILIDAD EN VENTA DE OTROS ACTIVOS
2;GASTOS
2.1;GASTOS DE FUNCIONAMIENTO
2.1.01;GASTOS DE PERSONAL
2.1.01.01;SERVICIOS PERSONALES ASOCIADOS A LA NÓMINA
2.1.01.01.01;SUELDOS DE PERSONAL DE NÓMINA
2.1.01.01.03;GASTOS DE REPRESENTACIÓN
2.1.01.01.05;BONIFICACIÓN POR SERVICIOS PRESTADOS
2.1.01.01.07;BONIFICACIÓN ESPECIAL POR RECREACIÓN
2.1.01.01.09;BONIFICACIÓN POR DIRECCIÓN
2.1.01.01.11;OTRAS REMUNERACIONES QUE NO SON FACTOR SALARIAL
2.1.01.01.13;HORAS EXTRAS Y DÍAS FESTIVOS
2.1.01.01.15;PRIMA DE ANTIGÜEDAD O INCREMENTO DE ANTIGÜEDAD
2.1.01.01.17;PRIMA DE NAVIDAD
2.1.01.01.19;PRIMA DE SERVICIOS
2.1.01.01.21;PRIMA DE VACACIONES
2.1.01.01.23;PRIMA O SUBSIDIO DE ALIMENTACIÓN
2.1.01.01.25;PRIMA TÉCNICA
2.1.01.01.27;PRIMA DE LOCALIZACIÓN
2.1.01.01.29;PRIMA DE COORDINACIÓN
2.1.01.01.30;PRIMA DE RIESGO
2.1.01.01.31;AUXILIO DE TRANSPORTE
2.1.01.01.33;INDEMNIZACIÓN POR VACACIONES
2.1.01.01.98;OTROS SERVICIOS PERSONALES ASOCIADOS A LA NÓMINA
2.1.01.02;SERVICIOS PERSONALES INDIRECTOS
2.1.01.02.03;HONORARIOS PROFESIONALES
2.1.01.02.05;JORNALES
2.1.01.02.07;PERSONAL SUPERNUMERARIO
2.1.01.02.09;REMUNERACIÓN POR SERVICIOS TÉCNICOS
2.1.01.02.11;REMUNERACIÓN DE APRENDICES
2.1.01.02.98;OTROS SERVICIOS PERSONALES INDIRECTOS
2.1.01.03;CONTRIBUCIONES INHERENTES A LA NÓMINA
2.1.01.03.01;AL SECTOR PÚBLICO
2.1.01.03.01.01;APORTES PREVISIÓN SOCIAL
2.1.01.03.01.01.01;CESANTÍAS
2.1.01.03.01.01.01.01;FONDOS DE CESANTÍAS (FONDO NACIONAL DEL AHORRO)
2.1.01.03.01.01.01.03;CAJAS DE PREVISIÓN SOCIAL
2.1.01.03.01.01.03;PENSIONES
2.1.01.03.01.01.03.01;FONDOS DE PENSIONES
2.1.01.03.01.01.03.03;INSTITUTO DE SEGUROS SOCIALES -ISS-
2.1.01.03.01.01.03.05;CAJAS DE PREVISIÓN SOCIAL
2.1.01.03.01.01.05;SALUD
2.1.01.03.01.01.05.01;EMPRESAS PROMOTORAS DE SALUD
2.1.01.03.01.01.05.03;INSTITUTO DE SEGUROS SOCIALES -ISS-
2.1.01.03.01.03;APORTES PARAFISCALES
2.1.01.03.01.03.01;SERVICIO NACIONAL DE APRENDIZAJE -SENA-
2.1.01.03.01.03.03;INSTITUTO COLOMBIANO DE BIENESTAR FAMILIAR -ICBF-
2.1.01.03.01.03.05;ESAP Y OTRAS UNIVERSIDADES (LEY 21 Y 812 DE 2003)
2.1.01.03.01.03.07;ESCUELAS INDUSTRIALES E INSTITUTOS TÉCNICOS
2.1.01.03.01.03.09;ADMINISTRADORAS RIESGOS PROFESIONALES
2.1.01.03.03;AL SECTOR PRIVADO
2.1.01.03.03.01;APORTES PREVISIÓN SOCIAL
2.1.01.03.03.01.01;FONDOS DE CESANTÍAS
2.1.01.03.03.01.03;FONDOS DE PENSIONES
2.1.01.03.03.01.05;EMPRESAS PROMOTORAS DE SALUD
2.1.01.03.03.02;ADMINISTRADORAS RIESGOS PROFESIONALES
2.1.01.03.03.03;APORTES PARAFISCALES A LAS CAJAS DE COMPENSACIÓN FAMILIAR
2.1.01.93;PAGOS VIGENCIAS ANTERIORES
2.1.02;GASTOS GENERALES
2.1.02.01;ADQUISICIÓN DE BIENES
2.1.02.01.01;MATERIALES Y SUMINISTROS
2.1.02.01.03;COMPRA DE EQUIPOS
2.1.02.01.05;DOTACIÓN DE PERSONAL
2.1.02.01.07;BIENESTAR SOCIAL
2.1.02.01.98;OTRAS ADQUISICIONES DE BIENES
2.1.02.02;ADQUISICIÓN DE SERVICIOS
2.1.02.02.01;CAPACITACIÓN
2.1.02.02.03;VIATICOS Y GASTOS DE VIAJE
2.1.02.02.05;COMUNICACIONES Y TRANSPORTE
2.1.02.02.07;SERVICIOS PÚBLICOS
2.1.02.02.09;SEGUROS
2.1.02.02.11;PÚBLICIDAD
2.1.02.02.13;IMPRESOS Y PUBLICACIONES
2.1.02.02.15;MANTENIMIENTO
2.1.02.02.17;VIGILANCIA
2.1.02.02.19;ASEO
2.1.02.02.21;ARRENDAMIENTOS
2.1.02.02.23;COMISIONES, INTERESES Y DEMÁS GASTOS BANCARIOS Y FIDUCIARIOS
2.1.02.02.25;SISTEMATIZACIÓN
2.1.02.02.27;BIENESTAR SOCIAL
2.1.02.02.29;GASTOS JUDICIALES
2.1.02.02.98;OTRAS ADQUISICIONES DE SERVICIOS
2.1.02.03;IMPUESTOS Y MULTAS
2.1.02.93;PAGOS VIGENCIAS ANTERIORES
2.1.03;TRANSFERENCIAS CORRIENTES
2.1.03.01;AL SECTOR PÚBLICO
2.1.03.01.01;AL NIVEL NACIONAL
2.1.03.01.01.01;AL NIVEL CENTRAL NACIONAL
2.1.03.01.01.01.01;INDEMNIZACIONES
2.1.03.01.01.01.03;PAGOS DE SERVICIOS PÚBLICOS E IMPUESTOS
2.1.03.01.01.01.98;OTROS PAGOS AL NIVEL CENTRAL NACIONAL
2.1.03.01.01.03;A ENTIDADES DESCENTRALIZADAS NACIONALES
2.1.03.01.01.03.01;A ENTIDADES NO FINANCIERAS NACIONALES
2.1.03.01.01.03.01.01;A ENTIDADES NO FINANCIERAS NACIONALES NO CONSIDERADAS EMPRESAS
2.1.03.01.01.03.01.01.01;A LAS CORPORACIONES AUTONOMAS REGIONALES (EXCLUYENDO LA SOBRETASA AMBIENTAL)
2.1.03.01.01.03.01.01.98;OTROS PAGOS A ENTIDADES NO FINANCIERAS NACIONALES NO CONSIDERADAS EMPRESAS
2.1.03.01.01.03.01.03;A EMPRESAS NO FINANCIERAS NACIONALES
2.1.03.01.01.03.03;A EMPRESAS FINANCIERAS NACIONALES
2.1.03.01.01.03.03.01;A EMPRESAS FINANCIERAS DE DEPÓSITO NACIONALES
2.1.03.01.01.03.03.03;A EMPRESAS FINANCIERAS DE NO DEPÓSITO NACIONALES
2.1.03.01.03;AL NIVEL DEPARTAMENTAL
2.1.03.01.03.01;AL NIVEL CENTRAL DEPARTAMENTAL
2.1.03.01.03.03;A ENTIDADES DESCENTRALIZADAS DEPARTAMENTALES
2.1.03.01.03.03.01;A ENTIDADES NO FINANCIERAS DEPARTAMENTALES
2.1.03.01.03.03.01.01;A ENTIDADES NO FINANCIERAS DEPARTAMENTALES NO CONSIDERADAS EMPRESAS
2.1.03.01.03.03.01.01.98;A OTRAS ENTIDADES NO FINANCIERAS DEPARTAMENTALES NO CONSIDERADAS EMPRESAS
2.1.03.01.03.03.01.03;A EMPRESAS NO FINANCIERAS DEPARTAMENTALES
2.1.03.01.03.03.03;A EMPRESAS FINANCIERAS DEPARTAMENTALES
2.1.03.01.05;AL NIVEL MUNICIPAL Y/O DISTRITAL
2.1.03.01.05.01;AL NIVEL CENTRAL MUNICIPAL Y/O DISTRITAL
2.1.03.01.05.03;A ENTIDADES DESCENTRALIZADAS MUNICIPALES Y/O DISTRITALES
2.1.03.01.05.03.01;A ENTIDADES NO FINANCIERAS MUNICIPALES Y/O DISTRITALES
2.1.03.01.05.03.01.01;A ENTIDADES NO FINANCIERAS MUNICIPALES Y/O DISTRITALES NO CONSIDERADAS EMPRESAS
2.1.03.01.05.03.01.01.98;A OTRAS ENTIDADES NO FINANCIERAS MUNICIPALES Y/O DISTRITALES NO CONSIDERADAS EMPRESAS
2.1.03.01.05.03.01.03;A EMPRESAS NO FINANCIERAS MUNICIPALES Y/O DISTRITALES
2.1.03.01.05.03.03;A EMPRESAS FINANCIERAS MUNICIPALES Y/O DISTRITALES
2.1.03.01.93;PAGOS VIGENCIAS ANTERIORES
2.1.03.02;TRANSFERENCIAS CORRIENTES DE PREVISIÓN SOCIAL
2.1.03.02.01;CESANTÍAS
2.1.03.02.01.02;CESANTÍAS DEFINITIVAS
2.1.03.02.01.04;CESANTÍAS PARCIALES
2.1.03.02.03;PENSIONES
2.1.03.02.03.01;MESADAS PENSIONALES
2.1.03.02.03.03;CUOTAS  PARTES PENSIONALES
2.1.03.02.05;SALUD
2.1.03.02.93;PAGOS VIGENCIAS ANTERIORES
2.1.03.02.98;OTRAS TRANSFERENCIAS CORRIENTES DE PREVISIÓN SOCIAL
2.1.03.98;OTRAS TRANSFERENCIAS
2.1.03.98.01;PAGOS A PARTICULARES Y ORGANISMOS PRIVADOS
2.1.03.98.01.31;A LOS HOGARES
2.1.03.98.01.33;A EMPRESAS PRIVADAS NO FINANCIERAS
2.1.03.98.01.35;A EMPRESAS PRIVADAS FINANCIERAS
2.1.03.98.03;PAGOS A ORGANISMOS INTERNACIONALES
2.1.03.98.05;CUOTA DE AUDITAJE
2.1.03.98.06;CONTRIBUCIONES DE LEY A OTRAS ENTIDADES
2.1.03.98.07;SENTENCIAS Y CONCILIACIONES
2.1.03.98.17;INDEMNIZACIONES POR RETIROS MASIVOS DE PERSONAL
2.1.03.98.93;PAGOS VIGENCIAS ANTERIORES
2.1.03.98.98;OTRAS TRANSFERENCIAS
2.1.05;GASTOS NO OPERACIONALES
2.1.05.01;PERDIDA EN VENTA DE BIENES REALIZABLES Y RECIBIDOS EN PAGO
2.1.05.03;PERDIDA EN VENTA PROPIEDADES Y EQUIPO
2.1.05.05;PERDIDA EN VENTA OTROS ACTIVOS
2.1.05.07;MULTAS, SANCIONES Y LITIGIOS
2.1.05.98;OTROS GASTOS NO OPERACIONALES NO ESPECIFICADOS
2.2;GASTOS DE OPERACIÓN
2.2.01;GASTOS DE COMERCIALIZACIÓN
2.2.01.01;COMPRA DE BIENES PARA LA VENTA
2.2.01.01.01;COMPRAS E IMPORTACIONES
2.2.01.01.01.01;COMPRA DE MEDICAMENTOS
2.2.01.01.01.98;OTRAS COMPRAS E IMPORTACIONES NO ESPECIFICADAS
2.2.01.01.07;MATERIALES, MANTENIMIENTO Y OTROS
2.2.01.01.07.01;MATERIAL MEDICO-QUIRÚRGICO
2.2.01.01.07.03;COMPRA DE MATERIALES PARA MANTENIMIENTO DE HOSPITALES
2.2.01.01.07.98;OTROS MATERIALES, MANTENIMIENTO Y OTROS NO ESPECIFICADOS
2.2.01.01.98;OTRAS COMPRAS DE BIENES PARA LA VENTA
2.2.01.03;COMPRA DE SERVICIOS PARA LA VENTA
2.2.01.03.03;SERVICIO DE APOYO DIAGNÓSTICO
2.2.01.03.98;OTRAS COMPRAS DE SERVICIOS PARA LA VENTA
2.2.01.93;PAGOS VIGENCIAS ANTERIORES
2.2.01.98;OTROS GASTOS DE COMERCIALIZACIÓN
2.2.01.98.01;SERVICIOS CND Y SIC (SOLO SECTOR ELÉCTRICO)
2.2.01.98.03;PAGO DE PREMIOS DE LOTERÍAS VALOR BRUTO
2.2.01.98.03.01;PORCENTAJE IMPUESTO A GANADORES
2.2.01.98.03.03;RETENCIÓN EN LA FUENTE
2.2.01.98.03.05;PREMIO NETO A PAGAR
2.2.01.98.05;DESCUENTOS A DISTRIBUIDORES
2.2.01.98.05.01;DESCUENTO DE PORCENTAJE SOBRE VENTAS BRUTAS
2.2.01.98.05.03;BONIFICACIÓN DE PORCENTAJE SOBRE LA VENTA AL PREMIO MAYOR
2.2.01.98.05.05;INCENTIVOS Y DISTRIBUIDORES
2.2.01.98.07;PUBLICIDAD
2.2.01.98.09;IMPRESIÓN BILLETERÍA LOTERÍAS
2.2.01.98.11;PAGO DE IMPUESTO DE LOTERÍAS FORÁNEAS - PORCENTAJE SOBRE VENTAS
2.2.01.98.13;IMPRESIÓN TALONARIOS DE APUESTAS PERMANENTES
2.2.01.98.98;OTROS GASTOS DE COMERCIALIZACIÓN NO ESPECIFICADOS
2.2.02;GASTOS DE PRODUCCIÓN
2.2.02.01;INDUSTRIAL
2.2.02.01.01;MATERIA PRIMA
2.2.02.01.98;OTROS GASTOS DE PRODUCCIÓN INDUSTRIAL
2.2.02.03;AGRÍCOLA
2.2.02.03.01;MATERIA PRIMA
2.2.02.03.98;OTROS GASTOS DE PRODUCCIÓN AGRÍCOLA
2.2.02.05;OTROS GASTOS
2.2.02.05.01;MATERIA PRIMA
2.2.02.05.98;OTROS GASTOS NO ESPECIFICADOS
2.2.02.93;PAGOS VIGENCIAS ANTERIORES
2.3;GASTOS DE INVERSIÓN
2.3.01;INFRAESTRUCTURA
2.3.01.01;INFRAESTRUCTURA PROPIA DEL SECTOR
2.3.01.01.01;CONSTRUCCIÓN DE INFRAESTRUCTURA PROPIA DEL SECTOR
2.3.01.01.01.13;ACUEDUCTOS Y PLANTAS
2.3.01.01.01.15;ALCANTARILLADOS Y REDES
2.3.01.01.01.17;MATADEROS, PLAZAS DE MERCADO, CEMENTERIOS
2.3.01.01.01.18;PLANTAS INDUSTRIALES
2.3.01.01.01.21;RELLENOS SANITARIOS
2.3.01.01.01.27;BAÑOS PÚBLICOS
2.3.01.01.01.31;CONSTRUCCIÓN Y PAVIMENTACIÓN DE CALLES URBANAS
2.3.01.01.01.53;HOSPITALES, CENTROS DE SALUD Y PUESTOS DE SALUD
2.3.01.01.01.55;TORRES DE DISTRIBUCIÓN DE ENERGÍA, PLANTAS Y REDES DE ELECTRIFICACIÓN RURAL Y URBANA
2.3.01.01.01.93;PAGOS VIGENCIAS ANTERIORES
2.3.01.01.01.98;OTROS GASTOS EN CONSTRUCCIÓN DE INFRAESTRUCTURA PROPIA DEL SECTOR
2.3.01.01.02;ADQUISICIÓN DE INFRAESTRUCTURA PROPIA DEL SECTOR
2.3.01.01.02.01;COMPRA DE TERRENOS
2.3.01.01.02.93;PAGOS VIGENCIAS ANTERIORES
2.3.01.01.02.98;OTROS GASTOS EN ADQUISICIÓN DE INFRAESTRUCTURA PROPIA DEL SECTOR
2.3.01.01.03;MEJORAMIENTO Y MANTENIMIENTO DE INFRAESTRUCTURA PROPIA DEL SECTOR
2.3.01.01.03.03;SEGUROS DE BIENES
2.3.01.01.03.05;REHABILITACIÓN DE INFRAESTRUCTURA YA EXISTENTE
2.3.01.01.03.13;ACUEDUCTOS Y PLANTAS
2.3.01.01.03.15;ALCANTARILLADOS Y REDES
2.3.01.01.03.17;MATADEROS, PLAZAS DE MERCADO, CEMENTERIOS
2.3.01.01.03.21;RECOLECCION Y TRATAMIENTO DE BASURAS
2.3.01.01.03.23;PROGRAMAS DE SANEAMIENTO BÁSICO RURAL
2.3.01.01.03.25;PROGRAMAS DE POTABILIZACIÓN DE AGUAS RESIDUALES
2.3.01.01.03.27;BAÑOS PÚBLICOS
2.3.01.01.03.29;EQUIPOS DE COMUNICACIÓN
2.3.01.01.03.31;PAVIMENTACIÓN DE CALLES URBANAS
2.3.01.01.03.43;PROGRAMAS ESPECIALES DE DESARROLLO INDUSTRIAL
2.3.01.01.03.45;PROGRAMAS ESPECIALES DE DESARROLLO COMERCIAL
2.3.01.01.03.47;PROGRAMAS ESPECIALES DE DESARROLLO TURÍSTICO
2.3.01.01.03.53;HOSPITALES, CENTROS DE SALUD Y PUESTOS DE SALUD
2.3.01.01.03.55;TORRES DE DISTRIBUCIÓN DE ENERGÍA, PLANTAS Y REDES DE ELECTRIFICACIÓN RURAL Y URBANA
2.3.01.01.03.93;PAGOS VIGENCIAS ANTERIORES
2.3.01.01.03.98;OTROS GASTOS EN MEJORAMIENTO Y MANTENIMIENTO DE INFRAESTRUCTURA PROPIA DEL SECTOR
2.3.01.02;INFRAESTRUCTURA ADMINISTRATIVA
2.3.01.02.01;CONSTRUCCIÓN DE INFRAESTRUCTURA ADMINISTRATIVA
2.3.01.02.02;ADQUISICIÓN DE INFRAESTRUCTURA ADMINISTRATIVA
2.3.01.02.03;MEJORAMIENTO Y MANTENIMIENTO DE INFRAESTRUCTURA ADMINISTRATIVA
2.3.01.02.93;PAGOS VIGENCIAS ANTERIORES
2.3.02;DOTACIÓN
2.3.02.01;EQUIPOS, MATERIALES, SUMINISTROS Y SERVICIOS PROPIOS DEL SECTOR
2.3.02.01.01;ADQUISICIÓN Y/O PRODUCCIÓN DE EQUIPOS, MATERIALES, SUMINISTROS Y SERVICIOS PROPIOS DEL SECTOR
2.3.02.01.01.01;DOTACIÓN Y/O ADQUISICIÓN DE MAQUINARIA Y EQUIPO
2.3.02.01.01.03;DOTACIÓN DE INSTALACIONES
2.3.02.01.01.13;DOTACIÓN DE HOSPITALES, CENTROS DE SALUD Y PUESTOS DE SALUD
2.3.02.01.01.15;ADQUISICIÓN DE EQUIPO DE LABORATORIO
2.3.02.01.01.17;ADQUISICIÓN DE EQUIPO CLÍNICO
2.3.02.01.01.27;EXPLOTACIÓN MINERA
2.3.02.01.01.93;PAGOS VIGENCIAS ANTERIORES
2.3.02.01.01.98;OTROS GASTOS ADQUISICIÓN Y/O PRODUCCIÓN EQUIPOS, MATERIALES, SUMINISTROS Y SERVICIOS PROPIOS SECTOR
2.3.02.01.02;MANTENIMIENTO DE EQUIPOS, MATERIALES, SUMINISTROS Y SERVICIOS PROPIOS DEL SECTOR
2.3.02.01.02.01;MAQUINARIA Y EQUIPO
2.3.02.01.02.03;INSTALACIONES
2.3.02.01.02.15;EQUIPO DE LABORATORIO
2.3.02.01.02.17;EQUIPO CLÍNICO
2.3.02.01.02.93;PAGOS VIGENCIAS ANTERIORES
2.3.02.01.02.98;OTROS GASTOS EN MANTENIMIENTO DE EQUIPOS, MATERIALES, SUMINISTROS Y SERVICIOS PROPIOS DEL SECTOR
2.3.02.02;EQUIPOS, MATERIALES, SUMINISTROS Y SERVICIOS ADMINISTRATIVOS
2.3.02.02.01;ADQUISICIÓN Y/O PRODUCCIÓN DE EQUIPOS, MATERIALES, SUMINISTROS Y SERVICIOS ADMINISTRATIVOS
2.3.02.02.01.93;PAGOS VIGENCIAS ANTERIORES
2.3.02.02.01.98;OTROS GASTOS ADQUISICIÓN Y/O PRODUCCIÓN EQUIPOS, MATERIALES, SUMINISTROS Y SERVICIOS ADMINISTRATIVOS
2.3.02.02.02;MANTENIMIENTO DE EQUIPOS, MATERIALES, SUMINISTROS Y SERVICIOS ADMINISTRATIVOS
2.3.02.02.02.93;PAGOS VIGENCIAS ANTERIORES
2.3.02.02.02.98;OTROS GASTOS EN MANTENIMIENTO DE EQUIPOS, MATERIALES, SUMINISTROS Y SERVICIOS ADMINISTRATIVOS
2.3.03;RECURSO HUMANO
2.3.03.01;DIVULGACIÓN, ASISTENCIA TÉCNICA Y CAPACITACIÓN DEL RECURSO HUMANO
2.3.03.01.01;CAPACITACIÓN PERSONAL DEL SECTOR
2.3.03.01.33;PROGRAMAS DE CAPACITACIÓN TÉCNICA NO PROFESIONAL
2.3.03.01.93;PAGOS VIGENCIAS ANTERIORES
2.3.03.01.98;OTROS GASTOS EN DIVULGACIÓN, ASISTENCIA TÉCNICA Y CAPACITACIÓN DEL RECURSO HUMANO
2.3.03.02;PROTECCIÓN Y BIENESTAR SOCIAL DEL RECURSO HUMANO
2.3.03.02.93;PAGOS VIGENCIAS ANTERIORES
2.3.03.02.98;OTROS GASTOS EN PROTECCIÓN Y BIENESTAR SOCIAL DEL RECURSO HUMANO
2.3.04;INVESTIGACIÓN Y ESTUDIOS
2.3.04.01;INVESTIGACIÓN BÁSICA, APLICADA Y ESTUDIOS
2.3.04.01.01;DISEÑOS PARA INVESTIGACIÓN BÁSICA, APLICADA Y ESTUDIOS
2.3.04.01.93;PAGOS VIGENCIAS ANTERIORES
2.3.04.01.98;OTROS GASTOS EN INVESTIGACIÓN BÁSICA, APLICADA Y ESTUDIOS
2.3.04.02;ESTUDIOS DE PREINVERSIÓN
2.3.04.02.01;DISEÑOS PARA ESTUDIOS DE PREINVERSIÓN
2.3.04.02.02;ASESORÍAS PARA ESTUDIOS DE PREINVERSIÓN
2.3.04.02.93;PAGOS VIGENCIAS ANTERIORES
2.3.04.02.98;OTROS GASTOS EN ESTUDIOS DE PREINVERSIÓN
2.3.04.03;LEVANTAMIENTO DE INFORMACIÓN PARA PROCESAMIENTO
2.3.04.03.01;DISEÑOS PARA LEVANTAMIENTO DE INFORMACIÓN PARA PROCESAMIENTO
2.3.04.03.02;ASESORÍAS PARA LEVANTAMIENTO DE INFORMACIÓN PARA PROCESAMIENTO
2.3.04.03.93;PAGOS VIGENCIAS ANTERIORES
2.3.04.03.98;OTROS GASTOS EN LEVANTAMIENTO DE INFORMACIÓN PARA PROCESAMIENTO
2.3.04.04;ACTUALIZACIÓN DE INFORMACIÓN PARA PROCESAMIENTO
2.3.04.04.01;DISEÑOS PARA ACTUALIZACIÓN DE INFORMACIÓN PARA PROCESAMIENTO
2.3.04.04.02;ASESORÍAS PARA ACTUALIZACIÓN DE INFORMACIÓN PARA PROCESAMIENTO
2.3.04.04.93;PAGOS VIGENCIAS ANTERIORES
2.3.04.04.98;OTROS GASTOS EN ACTUALIZACIÓN DE INFORMACIÓN PARA PROCESAMIENTO
2.3.06;SUBSIDIOS Y OPERACIONES FINANCIERAS
2.3.06.01;CRÉDITOS
2.3.06.01.01;CONCESIÓN DE PRÉSTAMOS
2.3.06.04;INVERSIONES Y APORTES FINANCIEROS
2.3.06.04.01;COMPRA DE BONOS, ACCIONES Y OTROS TÍTULOS VALORES
2.3.06.05;CAPITALIZACIÓN
2.3.06.05.01;PARTICIPACIÓN EN CAPITAL DE EMPRESAS PÚBLICAS FINANCIERAS
2.3.06.05.03;PARTICIPACIÓN EN CAPITAL DE EMPRESAS PÚBLICAS NO FINANCIERAS
2.3.06.07;COFINANCIACIÓN
2.3.06.93;PAGOS VIGENCIAS ANTERIORES
2.4;SERVICIO DE LA DEUDA
2.4.01;DEUDA EXTERNA
2.4.01.01;AMORTIZACIONES
2.4.01.01.01;BANCA COMERCIAL
2.4.01.01.02;MULTILATERAL
2.4.01.01.03;FOMENTO
2.4.01.01.04;GOBIERNOS
2.4.01.01.05;PROVEEDORES
2.4.01.01.06;BONOS Y TÍTULOS
2.4.01.01.09;CUENTA ESPECIAL DEUDA EXTERNA
2.4.01.01.98;OTROS
2.4.01.02;INTERESES
2.4.01.02.01;BANCA COMERCIAL
2.4.01.02.02;MULTILATERAL
2.4.01.02.03;FOMENTO
2.4.01.02.04;GOBIERNOS
2.4.01.02.05;PROVEEDORES
2.4.01.02.06;BONOS Y TÍTULOS
2.4.01.02.09;CUENTA ESPECIAL DEUDA EXTERNA
2.4.01.02.98;OTROS
2.4.01.03;COMISIONES
2.4.01.03.01;BANCA COMERCIAL
2.4.01.03.02;MULTILATERAL
2.4.01.03.03;FOMENTO
2.4.01.03.04;GOBIERNOS
2.4.01.03.05;PROVEEDORES
2.4.01.03.06;BONOS Y TÍTULOS
2.4.01.03.09;CUENTA ESPECIAL DEUDA EXTERNA
2.4.01.03.98;OTROS
2.4.02;DEUDA INTERNA
2.4.02.01;AMORTIZACIONES
2.4.02.01.01;BANCA COMERCIAL
2.4.02.01.05;PROVEEDORES
2.4.02.01.06;BONOS Y TÍTULOS
2.4.02.01.08;SECTOR PÚBLICO
2.4.02.01.98;OTROS
2.4.02.02;INTERESES
2.4.02.02.01;BANCA COMERCIAL
2.4.02.02.05;PROVEEDORES
2.4.02.02.06;BONOS Y TÍTULOS
2.4.02.02.08;SECTOR PÚBLICO
2.4.02.02.98;OTROS
2.4.02.03;COMISIONES
2.4.02.03.01;BANCA COMERCIAL
2.4.02.03.05;PROVEEDORES
2.4.02.03.06;BONOS Y TÍTULOS
2.4.02.03.08;SECTOR PÚBLICO
2.4.02.03.98;OTROS
2.7;DISPONIBILIDAD FINAL
2.7.01;CAJA
2.7.02;BANCOS
2.7.03;INVERSIONES TEMPORALES
3;INGRESOS DE TERCEROS
3.1;RETENCIÓN EN LA FUENTE
3.2;RETENCIÓN EN LA FUENTE ICA
3.3;IVA
3.4;TIMBRE
3.8;OTROS INGRESOS DE TERCEROS
4;PAGOS A TERCEROS
4.1;RETENCIÓN EN LA FUENTE
4.2;RETENCIÓN EN LA FUENTE ICA
4.3;IVA
4.4;TIMBRE
4.8;OTROS PAGOS A TERCEROS
