VAL,CIFRAS DE CONTROL PARA LOS GASTOS DE FUNCIONAMIENTO
1,TOTAL GASTOS DE FUNCIONAMIENTO
1.1,GASTOS DE PERSONAL
1.1.1,SERVICIOS PERSONALES ASOCIADOS A LA NOMINA
1.1.1.1,SUELDOS DE PERSONAL DE NOMINA
1.1.1.2,GASTOS DE REPRESENTACIÓN
1.1.1.3,HORAS EXTRAS Y DÍAS FESTIVOS
1.1.1.4,PRIMAS LEGALES
1.1.1.5,INDEMNIZACIÓN POR VACACIONES
1.1.1.6,BONIFICACIÓN DE DIRECCIÓN
1.1.1.7,AUXILIO DE TRANSPORTE
1.1.1.7.1,DE FUNCIONARIOS
1.1.1.8,PRESTACIONES SOCIALES EXTRALEGALES
1.1.1.9,DOTACIÓN DE PERSONAL
1.1.1.10,PAGOS DIRECTOS DE CESANTÍAS PARCIALES Y/O DEFINITIVAS
1.1.1.12,Bonificación por gestión territorial
1.1.1.14,Subsidio de alimentación
1.1.1.25,OTROS GASTOS DE PERSONAL ASOCIADOS A LA NÓMINA
1.1.2,INDEMNIZACIÓN DE PERSONAL
1.1.3,SERVICIOS PERSONALES INDIRECTOS
1.1.3.1,HONORARIOS
1.1.3.2,JORNALES
1.1.3.3,PERSONAL SUPERNUMERARIO
1.1.3.4,SERVICIOS TÉCNICOS
1.1.3.5,REMUNERACIÓN DE LOS DIPUTADOS
1.1.3.6,HONORARIOS DE LOS CONCEJALES
1.1.3.7,OTROS SERVICIOS PERSONALES INDIRECTOS
1.1.3.8,PRIMA DE NAVIDAD DIPUTADOS
1.1.4,CONTRIBUCIONES INHERENTES A LA NOMINA
1.1.4.1,AL SECTOR PÚBLICO
1.1.4.1.1,APORTES DE PREVISIÓN SOCIAL
1.1.4.1.1.1,APORTES PARA SALUD
1.1.4.1.1.1.1,DE FUNCIONARIOS
1.1.4.1.1.1.2,DE CONCEJALES (MUNICIPIOS DE CATEGORÍA 4 5 Y 6 A PARTIR DE LA VIGENCIA DE LA LEY 1148/07)
1.1.4.1.1.1.3,DE DIPUTADOS
1.1.4.1.1.1.4,DE CONCEJALES (MUNICIPIOS DE CATEGORÍA ESPECIAL 1 2 Y 3)
1.1.4.1.1.2,APORTES PARA PENSIÓN
1.1.4.1.1.2.1,DE FUNCIONARIOS
1.1.4.1.1.2.2,DE DIPUTADOS
1.1.4.1.1.3,APORTES ARP
1.1.4.1.1.3.1,DE FUNCIONARIOS
1.1.4.1.1.3.2,DE DIPUTADOS
1.1.4.1.1.4,APORTES PARA CESANTÍAS
1.1.4.1.1.4.1,DE FUNCIONARIOS
1.1.4.1.1.4.2,DE DIPUTADOS
1.1.4.2,AL SECTOR PRIVADO
1.1.4.2.1,APORTES DE PREVISIÓN SOCIAL
1.1.4.2.1.1,APORTES PARA SALUD
1.1.4.2.1.1.1,DE FUNCIONARIOS
1.1.4.2.1.1.2,DE CONCEJALES (MUNICIPIOS DE CATEGORÍA 4 5 Y 6 A PARTIR DE LA VIGENCIA DE LA LEY 1148/07)
1.1.4.2.1.1.3,DE DIPUTADOS
1.1.4.2.1.1.4,DE CONCEJALES (MUNICIPIOS DE CATEGORÍA ESPECIAL 1 2 Y 3)
1.1.4.2.1.2,APORTES PARA PENSIÓN
1.1.4.2.1.2.1,DE FUNCIONARIOS
1.1.4.2.1.2.2,DE DIPUTADOS
1.1.4.2.1.3,APORTES ARP
1.1.4.2.1.3.1,DE FUNCIONARIOS
1.1.4.2.1.3.2,DE DIPUTADOS
1.1.4.2.1.4,APORTES PARA CESANTÍAS
1.1.4.2.1.4.1,DE FUNCIONARIOS
1.1.4.2.1.4.2,DE DIPUTADOS
1.1.4.3,APORTES PARAFISCALES
1.1.4.3.1,SENA
1.1.4.3.1.1,DE FUNCIONARIOS
1.1.4.3.1.2,DE DIPUTADOS
1.1.4.3.2,ICBF
1.1.4.3.2.1,DE FUNCIONARIOS
1.1.4.3.2.2,DE DIPUTADOS
1.1.4.3.3,ESAP
1.1.4.3.3.1,DE FUNCIONARIOS
1.1.4.3.3.2,DE DIPUTADOS
1.1.4.3.4,CAJAS DE COMPENSACIÓN FAMILIAR
1.1.4.3.4.1,DE FUNCIONARIOS
1.1.4.3.4.2,DE DIPUTADOS
1.1.4.3.5,INSTITUTOS TÉCNICOS
1.1.4.3.5.1,DE FUNCIONARIOS
1.1.4.3.5.2,DE DIPUTADOS
1.1.5,SUBSIDIO PARA MOVILIZACIÓN DE PERSONEROS LEY 1551 DE 2012
1.2,GASTOS GENERALES
1.2.1,ADQUISICIÓN DE BIENES
1.2.1.1,COMPRA DE EQUIPOS
1.2.1.2,MATERIALES Y SUMINISTROS
1.2.1.9,OTROS GASTOS ADQUISICIÓN DE BIENES
1.2.2,ADQUISICIÓN DE SERVICIOS
1.2.2.1,CAPACITACIÓN PERSONAL ADMINISTRATIVO
1.2.2.2,IMPRESOS Y PUBLICACIONES
1.2.2.3,SEGUROS
1.2.2.3.1,SEGUROS DE BIENES MUEBLES E INMUEBLES
1.2.2.3.2,SEGUROS  DE VIDA
1.2.2.3.2.1,DE CONCEJALES (MUNICIPIOS DE CATEGORÍA ESPECIAL 1 2 Y 3)
1.2.2.3.2.2,DEL GOBERNADOR O ALCALDE
1.2.2.3.2.3,DE LOS CONCEJALES (MUNICIPIOS DE CATEGORÍA 4 5 Y 6 A PARTIR DE LA VIGENCIA DE LA LEY 1148/07)
1.2.2.3.2.5,Del personero
1.2.2.3.2.9,OTROS SEGUROS DE VIDA
1.2.2.3.3,PÓLIZA DE SEGURO DE SALUD PARA CONCEJALES (MUNICIPIOS DE CATEGORÍA 4 5 Y 6 A PARTIR DE LA VIGENCIA DE LA LEY 1148/07)
1.2.2.3.4,OTROS SEGUROS
1.2.2.3.5,PÓLIZA DE SEGURO DE SALUD PARA CONCEJALES  (MUNICIPIOS DE CATEGORÍA ESPECIAL 1 2 Y 3)
1.2.2.4,CONTRIBUCIONES TASAS IMPUESTOS Y MULTAS
1.2.2.5,ARRENDAMIENTOS
1.2.2.6,SERVICIOS PÚBLICOS
1.2.2.6.1,ENERGÍA
1.2.2.6.2,TELECOMUNICACIONES
1.2.2.6.3,ACUEDUCTO ALCANTARILLADO Y ASEO
1.2.2.6.4,GAS NATURAL
1.2.2.6.5,OTROS SERVICIOS PÚBLICOS
1.2.2.7,GASTOS VINCULACIÓN DE PERSONAL ARTÍCULO 30 LEY 909 DE 2004
1.2.2.8,VIÁTICOS Y GASTOS DE TRANSPORTE Y DE VIAJE
1.2.2.8.1,DE FUNCIONARIOS
1.2.2.8.2,DE CONCEJALES (MUNICIPIOS DE CATEGORÍA ESPECIAL 1 2 Y 3)
1.2.2.8.3,DE LOS CONCEJALES (MUNICIPIOS DE CATEGORÍA 4 5 Y 6 A PARTIR DE LA VIGENCIA DE LA LEY 1148/07)
1.2.2.9,GASTOS ELECTORALES
1.2.2.10,OTROS GASTOS ADQUISICIÓN DE SERVICIOS
1.2.2.11,MANTENIMIENTO Y REPARACIONES
1.2.2.12,GASTOS FINANCIEROS
1.2.2.12.1,INTERESES DE CRÉDITOS DE TESORERIA
1.2.2.12.2,DIFERENCIAL CAMBIARIO
1.2.2.12.5,OTROS GASTOS FINANCIEROS
1.2.2.19,OTROS GASTOS ADQUISICIÓN DE SERVICIOS
1.2.4,GASTOS DE BIENESTAR SOCIAL Y SALUD OCUPACIONAL
1.2.9,OTROS GASTOS GENERALES
1.3,TRANSFERENCIAS CORRIENTES
1.3.1,MESADAS PENSIONALES
1.3.2,CUOTAS PARTES DE MESADA PENSIONAL
1.3.3,CAPITALIZACIÓN DE PATRIMONIOS AUTÓNOMOS PARA PROVISIÓN DE PENSIONES
1.3.4,PAGO DE BONOS PENSIONALES Y CUOTAS PARTES DE BONO PENSIONAL TIPO C Y E
1.3.4.1,CON SITUACIÓN DE FONDOS
1.3.4.2,SIN SITUACIÓN DE FONDOS
1.3.6,TRANSFERENCIAS CORRIENTES: ESTABLECIMIENTOS PÚBLICOS Y ENTIDADES DESCENTRALIZADAS-NIVEL TERRITORIAL
1.3.6.1,A ESTABLECIMIENTOS PÚBLICOS
1.3.6.1.1,A INSTITUCIONES ESTATALES U OFICIALES DE EDUCACIÓN SUPERIOR QUE NO TENGAN EL CARÁCTER DE UNIVERSIDAD
1.3.6.1.2,A OTROS ESTABLECIMIENTOS PÚBLICOS
1.3.6.4,A UNIVERSIDADES PÚBLICAS
1.3.6.4.1,TRANSFERENCIA ARTÍCULO 86 LEY 30 DE 1992 PARA FUNCIONAMIENTO
1.3.6.4.4,TRANSFERENCIA DE CONCURRENCIAS PARA PAGO DE PASIVOS PENSIONALES Y PRESTACIONALES
1.3.6.4.6,OTRAS TRANSFERENCIAS CORRIENTES A UNIVERSIDADES PÚBLICAS
1.3.6.5,A OTRAS ENTIDADES DESCENTRALIZADAS
1.3.6.6,A ENTIDADES EN LIQUIDACIÓN
1.3.6.7,A OTRAS ENTIDADES
1.3.7,TRANSFERENCIA A PROVIDENCIA Y SANTA CATALINA
1.3.8,TRANSFERENCIA A LAS CORPORACIONES AUTÓNOMAS REGIONALES
1.3.8.1,SOBRETASA AMBIENTAL -CORPORACIONES AUTÓNOMAS REGIONALES
1.3.8.2,PARTICIPACIÓN AMBIENTAL -CORPORACIONES AUTÓNOMAS REGIONALES
1.3.9,SOBRETASA AMBIENTAL-A ÁREAS METROPOLITANAS
1.3.10,TRANSFERENCIA POR SOBRETASA ESPECIAL PARA EL DISTRITO DE CARTAGENA (VIGENTE LEY 15/ 1961)
1.3.11,TRANSFERENCIA POR SOBRETASA PARA INVERSIÓN EN CEDELCA (SOLO MUNICIPIOS DEL DEPTO DEL CAUCA )
1.3.12,FONDO NACIONAL DE PENSIONES TERRITORIALES FONPET
1.3.12.1,TRANSFERENCIA CORRIENTE
1.3.12.2,ACUERDOS DE PAGO
1.3.13,FONDO DE SUBSIDIO SOBRETASA A LA GASOLINA
1.3.14,PAGOS A ORGANISMOS INTERNACIONALES NO CREDITICIOS
1.3.15,TRANSFERENCIA CUERPOS DE BOMBEROS
1.3.18,TRANSFERENCIA DE REGALÍAS DIRECTAS POR CONCEPTO DE EXPLOTACIÓN DE MATERIALES DE CONSTRUCCIÓN
1.3.18.1,A DEPARTAMENTOS PRODUCTORES 20%
1.3.18.2,A MUNICIPIOS O DISTRITOS PORTUARIOS 3%
1.3.18.3,AL FONDO NACIONAL DE REGALÍAS 10% Ó 13%
1.3.18.4,A LAS INTERVENTORÍAS ADMINISTRATIVAS Y FINANCIERAS DEL DNP.
1.3.19,SENTENCIAS Y CONCILIACIONES
1.3.20,PAGO PASIVO FONDO NACIONAL DE PRESTACIONES SOCIALES DEL MAGISTERIO -FNPSM (FOMAG)
1.3. 22,TRANSFERENCIA  DEPARTAMENTAL A LOS MUNICIPIOS POR IMPUESTO SOBRE VEHICULOS AUTOMOTORES (20%)
1.3.23,TRANSFERENCIA DEPARTAMENTAL A LOS MUNICIPIOS POR INTERESES DE MORA POR IMPUESTO SOBRE VEHICULOS AUTOMOTORES (20%)
1.3.24,TRANSFERENCIA DEPARTAMENTAL A LOS MUNICIPIOS POR SANCIONES POR IMPUESTO SOBRE VEHICULOS AUTOMORORES (20%)
1.3.25,OTRAS TRANSFERENCIAS CORRIENTES
1.4,PAGO DÉFICIT DE FUNCIONAMIENTO
1.4.1,CAUSADO CON ANTERIORIDAD AL 31 DE DIC DE 2000
1.4.2,CAUSADO CON POSTERIORIDAD AL 31 DE DIC DE 2000
1.4.3,CAUSADO CON POSTERIORIDAD A LA FIRMA DE ACUERDO DE REESTRUCTURACIÓN DE PASIVOS-LEY 550 DE 1999
1.8,TRANSFERENCIAS DE CAPITAL
1.9,COSTOS Y GASTOS ASOCIADOS A LA OPERACIÓN PRODUCCIÓN Y COMERCIALIZACIÓN
1.9.1,GASTOS DE PERSONAL
1.9.1.1,SERVICIOS PERSONALES DIRECTOS
1.9.1.2,SERVICIOS PERSONALES INDIRECTOS
1.9.2,GASTOS GENERALES
1.9.2.1,CONSUMO DE INSUMOS DIRECTOS
1.9.2.2,MANTENIMIENTO Y REPARACIONES
1.9.2.3,SERVICIOS PÚBLICOS
1.9.2.4,SEGUROS
1.9.2.5,CONTRIBUCIONES IMPUESTOS Y TASAS
1.9.2.6,ARRENDAMIENTOS
1.9.2.7,CONSUMO DE INSUMOS INDIRECTOS
1.9.2.8,OTROS GASTOS GENERALES DE OPERACIÓN PRODUCCIÓN Y COMERCIALIZACIÓN
1.9.3,TRANSFERENCIAS CORRIENTES
1.9.4,BIENES COMERCIALIZADOS
1.10,OTROS GASTOS DE FUNCIONAMIENTO
A.1,EDUCACIÓN
A.1.1,COBERTURA
A.1.1.1,PAGO DE PERSONAL 
A.1.1.1.1,PERSONAL DOCENTE
A.1.1.1.2,PERSONAL DIRECTIVO - DOCENTE
A.1.1.1.3,PERSONAL ADMINISTRATIVO DE INSTITUCIONES EDUCATIVAS
A.1.1.2,APORTES PATRONALES 
A.1.1.2.1,PERSONAL DOCENTE (sin situación de fondos)
A.1.1.2.1.1,APORTES DE PREVISIÓN SOCIAL 
A.1.1.2.1.1.10,APORTES DE PREVISIÓN SOCIAL 
A.1.1.2.1.2,APORTES PARA CESANTÍAS
A.1.1.2.2,PERSONAL DOCENTE (con situación de fondos)
A.1.1.2.2.1,APORTES DE PREVISIÓN SOCIAL 
A.1.1.2.2.1.1,APORTES PARA SALUD
A.1.1.2.2.1.2,APORTES PARA PENSIÓN
A.1.1.2.2.1.3,APORTES ARP
A.1.1.2.2.1.4,APORTES PARA CESANTÍAS
A.1.1.2.2.2,APORTES PARAFISCALES 
A.1.1.2.2.2.1,SENA
A.1.1.2.2.2.2,ICBF
A.1.1.2.2.2.3,ESAP
A.1.1.2.2.2.4,CAJAS DE COMPENSACIÓN FAMILIAR
A.1.1.2.2.2.5,INSTITUTOS TÉCNICOS
A.1.1.2.3,PERSONAL DIRECTIVO - DOCENTE (sin situación de fondos)
A.1.1.2.3.1,APORTES DE PREVISIÓN SOCIAL 
A.1.1.2.3.1.10,APORTES DE PREVISIÓN SOCIAL 
A.1.1.2.3.2,APORTES PARA CESANTÍAS
A.1.1.2.4,PERSONAL DIRECTIVO - DOCENTE (con situación de fondos)
A.1.1.2.4.1,APORTES DE PREVISIÓN SOCIAL 
A.1.1.2.4.1.1,APORTES PARA SALUD
A.1.1.2.4.1.2,APORTES PARA PENSIÓN
A.1.1.2.4.1.3,APORTES ARP
A.1.1.2.4.1.4,APORTES PARA CESANTÍAS
A.1.1.2.4.2,APORTES PARAFISCALES 
A.1.1.2.4.2.1,SENA
A.1.1.2.4.2.2,ICBF
A.1.1.2.4.2.3,ESAP
A.1.1.2.4.2.4,CAJAS DE COMPENSACIÓN FAMILIAR
A.1.1.2.4.2.5,INSTITUTOS TÉCNICOS
A.1.1.2.5,PERSONAL ADMINISTRATIVO DE INSTITUCIONES EDUCATIVAS
A.1.1.2.5.1,APORTES DE PREVISIÓN SOCIAL 
A.1.1.2.5.1.1,APORTES PARA SALUD
A.1.1.2.5.1.2,APORTES PARA PENSIÓN
A.1.1.2.5.1.3,APORTES ARP
A.1.1.2.5.1.4,APORTES PARA CESANTÍAS
A.1.1.2.5.2,APORTES PARAFISCALES 
A.1.1.2.5.2.1,SENA
A.1.1.2.5.2.2,ICBF
A.1.1.2.5.2.3,ESAP
A.1.1.2.5.2.4,CAJAS DE COMPENSACIÓN FAMILIAR
A.1.1.2.5.2.5,INSTITUTOS TÉCNICOS
A.1.1.3,CONTRATOS PARA LA PRESTACIÓN DEL SERVICIO EDUCATIVO 
A.1.1.4,CONTRATOS PARA LA ADMINISTRACIÓN DE LA PRESTACIÓN DEL SERVICIO EDUCATIVO
A.1.1.5,CONTRATACIÓN PARA EDUCACIÓN PARA JÓVENES Y ADULTOS
A.1.1.6,CONTRATACIÓN DE ASEO A LOS ESTABLECIMIENTOS EDUCATIVOS ESTATALES
A.1.1.7,CONTRATACIÓN DE VIGILANCIA A LOS ESTABLECIMIENTOS EDUCATIVOS ESTATALES
A.1.1.8,CANCELACIONES DE PRESTACIONES SOCIALES DEL MAGISTERIO (CPSM)
A.1.2,CALIDAD - MATRÍCULA
A.1.2.1,PREINVERSIÓN: ESTUDIOS DISEÑOS CONSULTORIAS ASESORIAS E INTERVENTORIAS
A.1.2.1.1,ESTUDIOS Y DISEÑOS
A.1.2.1.2,CONSULTORIAS Y ASESORIAS
A.1.2.1.3,INTERVENTORIAS
A.1.2.2,CONSTRUCCIÓN AMPLIACIÓN Y ADECUACIÓN DE INFRAESTRUCTURA EDUCATIVA
A.1.2.3,MANTENIMIENTO DE INFRAESTRUCTURA EDUCATIVA
A.1.2.4,DOTACIÓN INSTITUCIONAL DE INFRAESTRUCTURA EDUCATIVA
A.1.2.5,DOTACIÓN INSTITUCIONAL DE MATERIAL Y MEDIOS PEDAGÓGICOS PARA EL APRENDIZAJE
A.1.2.6,PAGO DE SERVICIOS PÚBLICOS DE LAS INSTITUCIONES EDUCATIVAS
A.1.2.6.1,ACUEDUCTO ALCANTARILLADO Y ASEO
A.1.2.6.2,ENERGÍA
A.1.2.6.3,TELÉFONO
A.1.2.6.4,INTERNET
A.1.2.6.5,OTROS
A.1.2.7,TRANSPORTE ESCOLAR
A.1.2.8,CAPACITACIÓN A DOCENTES Y DIRECTIVOS DOCENTES
A.1.2.9,FUNCIONAMIENTO BÁSICO DE LOS ESTABLECIMIENTOS EDUCATIVOS ESTATALES
A.1.2.10,ALIMENTACIÓN ESCOLAR
A.1.2.10.1,PRESTACIÓN DIRECTA DEL SERVICIO
A.1.2.10.1.1,COMPRA DE ALIMENTOS
A.1.2.10.1.2,MENAJE DOTACIÓN Y SU REPOSICIÓN PARA LA PRESTACIÓN DEL SERVICIO DE ALIMENTACIÓN ESCOLAR 
A.1.2.10.1.3,CONTRATACIÓN DE PERSONAL PARA LA PREPARACIÓN DE ALIMENTOS 
A.1.2.10.1.4,TRANSPORTE DE ALIMENTOS 
A.1.2.10.1.5,ASEO Y COMBUSTIBLE PARA LA PREPARACIÓN DE LOS ALIMENTOS
A.1.2.10.2,CONTRATACIÓN CON TERCEROS PARA LA PROVISIÓN INTEGRAL DEL SERVICIO DE ALIMENTACIÓN ESCOLAR
A.1.2.10.3,CONSTRUCCIÓN Y MEJORAMIENTO DE INFRAESTRUCTURA DESTINADAS A LA PROVISIÓN DEL SERVICIO DE ALIMENTACIÓN ESCOLAR
A.1.2.10.4,INTERVENTORÍA SUPERVISIÓN MONITOREO Y CONTROL DE LA PRESTACIÓN DEL SERVICIO DE ALIMENTACIÓN ESCOLAR
A.1.2.10.5,TRANSFERENCIA DEL DEPARTAMENTO AL MUNICIPIO  PARA ALIMENTACIÓN ESCOLAR LEY 1450 DE 2011
A.1.2.10.6,TRANSFERENCIA DEL DEPARTAMENTO AL MUNICIPIO    PARA   COFINANCIACIÓN DE ALIMENTACIÓN ESCOLAR ART.145 LEY 1530 
A.1.2.11,DISEÑO E IMPLEMENTACIÓN DE PLANES DE MEJORAMIENTO
A.1.3,CALIDAD - GRATUIDAD
A.1.3.8,TRANSFERENCIAS PARA CALIDAD GRATUIDAD  (SIN SITUACIÓN DE FONDOS)
A.1.4,EFICIENCIA EN LA ADMINISTRACIÓN DEL SERVICIO EDUCATIVO
A.1.4.1,MODERNIZACIÓN DE LA SECRETARIA DE EDUCACIÓN
A.1.4.2,DISEÑO E IMPLEMENTACIÓN DEL SISTEMA DE INFORMACIÓN
A.1.4.3,CONECTIVIDAD
A.1.5,NECESIDADES EDUCATIVAS ESPECIALES
A.1.5.1,SERVICIO PERSONAL APOYO
A.1.5.2,FORMACIÓN DE DOCENTES
A.1.5.3,DOTACIÓN
A.1.5.4,MEJORAMIENTO DE CONDICIONES DE ACCECIBILIDAD DE INFRAESTRUCTURA EDUCATIVA  ESTATAL 
A.1.6,INTERNADOS
A.1.6.1,ALIMENTACIÓN
A.1.6.2,DOTACIÓN INSTITUCIONAL
A.1.6.3,ADECUACIÓN Y MEJORAMIENTO DE INFRAESTRUCTURA
A.1.7,OTROS GASTOS EN EDUCACIÓN NO INCLUIDOS EN LOS CONCEPTOS ANTERIORES
A.1.7.1,COMPETENCIAS LABORALES GENERALES Y FORMACIÓN PARA EL TRABAJO Y EL DESARROLLO HUMANO 
A.1.7.2,APLICACIÓN DE PROYECTOS EDUCATIVOS TRANSVERSALES
A.1.7.4,PAGO DE DÉFICIT DE INVERSIÓN EN EDUCACIÓN - (DE CARÁCTER EXCEPCIONAL)
A.1.8,EDUCACIÓN SUPERIOR
A.1.8.1,TRANSFERENCIA ARTÍCULO 86 LEY 30 DE 1992 PARA INVERSIÓN A UNIVERSIDADES PÚBLICAS
A.1.8.2,TRANSFERENCIA PARA INVERSIÓN A INSTITUCIONES ESTATALES U OFICIALES DE EDUCACIÓN SUPERIOR QUE NO TENGAN EL CARÁCTER DE UNIVERSIDAD
A.1.8.3,FONDOS DESTINADOS A BECAS SUBSIDIOS Y CRÉDITOS EDUCATIVOS UNIVERSITARIOS (LEY 1012 DE 2006)
A.2,SALUD
A.2.1,RÉGIMEN SUBSIDIADO 
A.2.1.1,AFILIACIÓN RÉGIMEN SUBSIDIADO 
A.2.1.3,0.4% INTERVENTORIA DEL RÉGIMEN SUBSIDIADO
A.2.1.4,0.4% INSPECCIÓN VIGILANCIA Y CONTROL -SUPERINTENDENCIA DE SALUD
A.2.1.9,PAGO DE DÉFICIT DE INVERSIÓN EN RÉGIMEN SUBSIDIADO (DE CARÁCTER EXCEPCIONAL)
A.2.1.9.1,PAGO DEUDA CONTRATOS REGIMEN SUBSIDIADO
A.2.1.9.2,"PAGO DE DÉFICIT DE INVERSIÓN EN RÉGIMEN SUBSIDIADO
 (DE CARÁCTER EXCEPCIONAL)"
A.2.1.10,TRANSFERENCIA A LOS DEPARTAMENTOS POR SALDOS DE LIQUIDACIÓN EN LA AFILIACIÓN AL RÉGIMEN SUBSIDIADO
A.2.1.11,TRANSFERENCIA REGIMEN SUBSIDIADO DEL DEPARTAMENTO A LOS MUNICIPIOS
A.2.1.12,PRUEBA PILOTO EN MUNICIPIOS Y DISTRITOS  CATEGORIA 1 Y 2  PARA AJUSTE UPC REGIMEN SUBSIDIADO
A.2.2,SALUD PÚBLICA   
A.2.2.1,SALUD INFANTIL 
A.2.2.1.1,PROGRAMA AMPLIADO DE INMUNIZACIONES (PAI)
A.2.2.1.1.1,CONTRATACIÓN CON LAS EMPRESAS SOCIALES DEL ESTADO.
A.2.2.1.1.2,ADQUISICION DE INSUMOS Y ELEMENTOS PUBLICACIONES Y EQUIPOS PARA DESARROLLAR LAS PRIORIDADES DE SALUD PUBLICA SEGÚN COMPETENCIAS.
A.2.2.1.1.3,CONTRATACIÓN CON PERSONAS  JURÍDICAS QUE NO SEAN ESE´S.
A.2.2.1.1.4,CONCURRENCIA A MUNICIPIOS.
A.2.2.1.1.6,TALENTO HUMANO QUE DESARROLLA FUNCIONES DE CARÁCTER OPERATIVO
A.2.2.1.2,ATENCIÓN INTEGRAL DE ENFERMEDADES PREVALENTES EN LA INFANCIA (AIEPI)
A.2.2.1.2.1,CONTRATACIÓN CON LAS EMPRESAS SOCIALES DEL ESTADO.
A.2.2.1.2.2,ADQUISICION DE INSUMOS ELEMENTOS PUBLICACIONES Y EQUIPOS PARA DESARROLLAR LAS PRIORIDADES DE SALUD PUBLICA SEGÚN COMPETENCIAS.
A.2.2.1.2.3,CONTRATACIÓN CON PERSONAS  JURÍDICAS QUE NO SEAN ESE´S.
A.2.2.1.2.4,CONCURRENCIA A MUNICIPIOS.
A.2.2.1.2.6,TALENTO HUMANO QUE DESARROLLA FUNCIONES DE CARÁCTER OPERATIVO
A.2.2.1.3,OTROS PROGRAMAS Y ESTRATEGIASPARA LA PROMOCIÓN DE LA SALUD INFANTIL.
A.2.2.1.3.1,CONTRATACIÓN CON LAS EMPRESAS SOCIALES DEL ESTADO.
A.2.2.1.3.2,ADQUISICIÓN DE INSUMOS ELEMENTOS PUBLICACIONES Y EQUIPOS PARA DESARROLLAR LAS PRIORIDADES DE SALUD PUBLICA SEGÚN COMPETENCIAS
A.2.2.1.3.3,CONTRATACIÓN CON PERSONAS  JURÍDICAS QUE NO SEAN ESE´S.
A.2.2.1.3.4,CONCURRENCIA A MUNICIPIOS.
A.2.2.1.3.6,TALENTO HUMANO QUE DESARROLLA FUNCIONES DE CARÁCTER OPERATIVO
A.2.2.2,SALUD SEXUAL Y REPRODUCTIVA
A.2.2.2.1,SALUD MATERNA
A.2.2.2.1.1,CONTRATACIÓN CON LAS EMPRESAS SOCIALES DEL ESTADO.
A.2.2.2.1.2,ADQUISICIÓN DE INSUMOS ELEMENTOS PUBLICACIONES Y EQUIPOS PARA DESARROLLAR LAS PRIORIDADES DE SALUD PUBLICA SEGÚN COMPETENCIAS.
A.2.2.2.1.3,CONTRATACIÓN CON PERSONAS  JURÍDICAS QUE NO SEAN ESE´S.
A.2.2.2.1.4,CONCURRENCIA A MUNICIPIOS.
A.2.2.2.1.5,TALENTO HUMANO QUE DESARROLLA FUNCIONES DE CARÁCTER OPERATIVO
A.2.2.2.2,VIH SIDA E INFECCIONES DE TRANSMISIÓN SEXUAL
A.2.2.2.2.1,CONTRATACIÓN CON LAS EMPRESAS SOCIALES DEL ESTADO.
A.2.2.2.2.2,ADQUISICIÓN DE INSUMOS ELEMENTOS PUBLICACIONES Y EQUIPOS PARA DESARROLLAR LAS PRIORIDADES  DE SALUD PÚBLICA SEGÚN COMPETENCIAS.
A.2.2.2.2.3,CONTRATACIÓN CON PERSONAS  JURÍDICAS QUE NO SEAN ESE´S.
A.2.2.2.2.4,CONCURRENCIA A MUNICIPIOS.
A.2.2.2.2.5,TALENTO HUMANO QUE DESARROLLA FUNCIONES DE CARÁCTER OPERATIVO
A.2.2.2.3,SALUD SEXUAL Y REPRODUCTIVA EN ADOLESCENTES
A.2.2.2.3.1,CONTRATACIÓN CON LAS EMPRESAS SOCIALES DEL ESTADO.
A.2.2.2.3.2,ADQUSICION DE INSUMOS Y ELEMENTOS PUBLICACIONES Y EQUIPOS PARA DESARROLLAR PROGRAMAS DE SALUD PUBLICA SEGÚN COMPETENCIAS.
A.2.2.2.3.3,CONTRATACIÓN CON PERSONAS  JURÍDICAS QUE NO SEAN ESE´S.
A.2.2.2.3.4,CONCURRENCIA A MUNICIPIOS.
A.2.2.2.3.6,TALENTO HUMANO QUE DESARROLLA FUNCIONES DE CARÁCTER OPERATIVO
A.2.2.2.4,OTROS PROGRAMAS Y ESTRATEGIAS PARA SALUD SEXUAL Y REPRODUCTIVA.
A.2.2.2.4.1,CONTRATACIÓN CON LAS EMPRESAS SOCIALES DEL ESTADO.
A.2.2.2.4.2,ADQUISICIÓN DE INSUMOS ELEMENTOS PUBLICACIONES Y EQUIPOS PARA DESARROLLAR LAS PRIORIDADES  DE SALUD PÚBLICA SEGÚN COMPETENCIAS.
A.2.2.2.4.3,CONTRATACIÓN CON PERSONAS  JURÍDICAS QUE NO SEAN ESE´S.
A.2.2.2.4.4,CONCURRENCIA A MUNICIPIOS.
A.2.2.2.4.6,TALENTO HUMANO QUE DESARROLLA FUNCIONES DE CARÁCTER OPERATIVO
A.2.2.3,SALUD ORAL
A.2.2.3.1,CONTRATACIÓN CON LAS EMPRESAS SOCIALES DEL ESTADO.
A.2.2.3.2,ADQUISICIÓN DE INSUMOS ELEMENTOS PUBLICACIONES Y EQUIPOS PARA DESARROLLAR LAS PRIORIDADES  DE SALUD PÚBLICA SEGÚN COMPETENCIAS.
A.2.2.3.3,CONTRATACIÓN CON PERSONAS  JURÍDICAS QUE NO SEAN ESE´S.
A.2.2.3.4,CONCURRENCIA A MUNICIPIOS.
A.2.2.3.11,TALENTO HUMANO QUE DESARROLLA FUNCIONES DE CARÁCTER OPERATIVO
A.2.2.4,SALUD MENTAL Y LESIONES VIOLENTAS EVITABLES
A.2.2.4.1,SUSTANCIAS PSICOACTIVAS
A.2.2.4.1.1,CONTRATACIÓN CON LAS EMPRESAS SOCIALES DEL ESTADO.
A.2.2.4.1.2,ADQUISICIÓN DE INSUMOS ELEMENTOS PUBLICACIONES Y EQUIPOS PARA DESARROLLAR LAS PRIORIDADES  DE SALUD PÚBLICA SEGÚN COMPETENCIAS.
A.2.2.4.1.3,CONTRATACIÓN CON PERSONAS  JURÍDICAS QUE NO SEAN ESE´S.
A.2.2.4.1.4,CONCURRENCIA A MUNICIPIOS.
A.2.2.4.1.5,TALENTO HUMANO QUE DESARROLLA FUNCIONES DE CARÁCTER OPERATIVO
A.2.2.4.2,OTROS PROGRAMAS Y ESTRATEÇIAS PARA LA PROMOCIÒN DE LA SALUD MENTAL Y LESIONES VIOLENTAS EVITABLES.
A.2.2.4.2.1,CONTRATACIÓN CON LAS EMPRESAS SOCIALES DEL ESTADO.
A.2.2.4.2.2,ADQUISICIÓN DE INSUMOS ELEMENTOS PUBLICACIONES Y EQUIPOS PARA DESARROLLAR LAS PRIORIDADES  DE SALUD PÚBLICA SEGÚN COMPETENCIAS.
A.2.2.4.2.3,CONTRATACIÓN CON PERSONAS  JURÍDICAS QUE NO SEAN ESE´S.
A.2.2.4.2.4,CONCURRENCIA A MUNICIPIOS.
A.2.2.4.2.5,TALENTO HUMANO QUE DESARROLLA FUNCIONES DE CARÁCTER OPERATIVO
A.2.2.5,LAS ENFERMEDADES TRANSMISIBLES Y LAS ZOONOSIS
A.2.2.5.1,TUBERCULOSIS
A.2.2.5.1.1,CONTRATACIÓN CON LAS EMPRESAS SOCIALES DEL ESTADO.
A.2.2.5.1.2,ADQUISICIÓN DE INSUMOS ELEMENTOS PUBLICACIONES Y EQUIPOS PARA DESARROLLAR LAS PRIORIDADES  DE SALUD PÚBLICA SEGÚN COMPETENCIAS.
A.2.2.5.1.3,CONTRATACIÓN CON PERSONAS  JURÍDICAS QUE NO SEAN ESE´S.
A.2.2.5.1.4,CONCURRENCIA A MUNICIPIOS.
A.2.2.5.1.5,TALENTO HUMANO QUE DESARROLLA FUNCIONES DE CARÁCTER OPERATIVO
A.2.2.5.2,LEPRA
A.2.2.5.2.1,CONTRATACIÓN CON LAS EMPRESAS SOCIALES DEL ESTADO.
A.2.2.5.2.2,ADQUISICIÓN DE INSUMOS ELEMENTOS PUBLICACIONES Y EQUIPOS PARA DESARROLLAR LAS PRIORIDADES  DE SALUD PÚBLICA SEGÚN COMPETENCIAS.
A.2.2.5.2.3,CONTRATACIÓN CON PERSONAS  JURÍDICAS QUE NO SEAN ESE´S.
A.2.2.5.2.4,CONCURRENCIA A MUNICIPIOS.
A.2.2.5.2.5,TALENTO HUMANO QUE DESARROLLA FUNCIONES DE CARÁCTER OPERATIVO
A.2.2.5.3,ENFERMEDADES TRANSMISIBLES POR VECTORES (ETV)
A.2.2.5.3.1,CONTRATACIÓN CON LAS EMPRESAS SOCIALES DEL ESTADO.
A.2.2.5.3.2,ADQUISICIÓN DE INSUMOS ELEMENTOS PUBLICACIONES Y EQUIPOS PARA DESARROLLAR LAS PRIORIDADES  DE SALUD PÚBLICA SEGÚN COMPETENCIAS.
A.2.2.5.3.3,CONTRATACIÓN CON PERSONAS  JURÍDICAS QUE NO SEAN ESE´S.
A.2.2.5.3.4,CONCURRENCIA A MUNICIPIOS.
A.2.2.5.3.5,TALENTO HUMANO QUE DESARROLLA FUNCIONES DE CARÁCTER OPERATIVO
A.2.2.5.4,ZOONOSIS
A.2.2.5.4.1,CONTRATACIÓN CON LAS EMPRESAS SOCIALES DEL ESTADO.
A.2.2.5.4.2,ADQUISICIÓN DE INSUMOS ELEMENTOS PUBLICACIONES Y EQUIPOS PARA DESARROLLAR LAS PRIORIDADES  DE SALUD PÚBLICA SEGÚN COMPETENCIAS.
A.2.2.5.4.3,CONTRATACIÓN CON PERSONAS  JURÍDICAS QUE NO SEAN ESE´S.
A.2.2.5.4.4,CONCURRENCIA A MUNICIPIOS.
A.2.2.5.4.7,TALENTO HUMANO QUE DESARROLLA FUNCIONES DE CARÁCTER OPERATIVO
A.2.2.5.5,OTROS PROGRAMAS Y ESTRATEGIASDE LAS ENFERMEDADES TRANSMISIBLES Y LA ZOONOSIS.
A.2.2.5.5.1,CON+D307TRATACIÓN CON LAS EMPRESAS SOCIALES DEL ESTADO.
A.2.2.5.5.2,ADQUISICIÓN DE INSUMOS ELEMENTOS PUBLICACIONES Y EQUIPOS PARA DESARROLLAR LAS PRIORIDADES  DE SALUD PÚBLICA SEGÚN COMPETENCIAS.
A.2.2.5.5.3,CONTRATACIÓN CON PERSONAS  JURÍDICAS QUE NO SEAN ESE´S.
A.2.2.5.5.4,CONCURRENCIA A MUNICIPIOS.
A.2.2.5.5.7,TALENTO HUMANO QUE DESARROLLA FUNCIONES DE CARÁCTER OPERATIVO
A.2.2.6,ENFERMEDADES CRÓNICAS NO TRANSMISIBLES
A.2.2.6.1,CONTRATACIÓN CON LAS EMPRESAS SOCIALES DEL ESTADO.
A.2.2.6.2,ADQUISICIÓN DE INSUMOS ELEMENTOS PUBLICACIONES Y EQUIPOS PARA DESARROLLAR LAS PRIORIDADES  DE SALUD PÚBLICA SEGÚN COMPETENCIAS.
A.2.2.6.3,CONTRATACIÓN CON PERSONAS  JURÍDICAS QUE NO SEAN ESE´S.
A.2.2.6.4,CONCURRENCIA A MUNICIPIOS.
A.2.2.6.7,TALENTO HUMANO QUE DESARROLLA FUNCIONES DE CARÁCTER OPERATIVO
A.2.2.7,NUTRICIÓN
A.2.2.7.1,CONTRATACIÓN CON LAS EMPRESAS SOCIALES DEL ESTADO.
A.2.2.7.2,ADQUISICIÓN DE INSUMOS ELEMENTOS PUBLICACIONES Y EQUIPOS PARA DESARROLLAR LAS PRIORIDADES  DE SALUD PÚBLICA SEGÚN COMPETENCIAS.
A.2.2.7.3,CONTRATACIÓN CON PERSONAS  JURÍDICAS QUE NO SEAN ESE´S.
A.2.2.7.4,CONCURRENCIA A MUNICIPIOS.
A.2.2.7.5,TALENTO HUMANO QUE DESARROLLA FUNCIONES DE CARÁCTER OPERATIVO
A.2.2.8,SEGURIDAD SANITARIA Y DEL AMBIENTE
A.2.2.8.1,CONTRATACIÓN CON LAS EMPRESAS SOCIALES DEL ESTADO.
A.2.2.8.2,ADQUISICIÓN DE INSUMOS ELEMENTOS PUBLICACIONES Y EQUIPOS PARA DESARROLLAR LAS PRIORIDADES  DE SALUD PÚBLICA SEGÚN COMPETENCIAS.
A.2.2.8.3,CONTRATACIÓN CON PERSONAS  JURÍDICAS QUE NO SEAN ESE´S.
A.2.2.8.4,CONCURRENCIA A MUNICIPIOS.
A.2.2.8.6,TALENTO HUMANO QUE DESARROLLA FUNCIONES DE CARÁCTER OPERATIVO
A.2.2.9,LA GESTIÓN PARA EL DESARROLLO OPERATIVO Y FUNCIONAL DEL PNSP
A.2.2.9.1, ACCIONES DE PLANEACIÓN PRIORIZACIÓN Y GESTIÓN INTERSECTORIAL. 
A.2.2.9.1.1,CONTRATACIÓN CON LAS EMPRESAS SOCIALES DEL ESTADO.
A.2.2.9.1.2,ADQUISICIÓN DE INSUMOS ELEMENTOS PUBLICACIONES Y EQUIPOS PARA DESARROLLAR LAS PRIORIDADES  DE SALUD PÚBLICA SEGÚN COMPETENCIAS.
A.2.2.9.1.3,CONTRATACIÓN CON PERSONAS  JURÍDICAS QUE NO SEAN ESE´S.
A.2.2.9.1.4,CONCURRENCIA A MUNICIPIOS.
A.2.2.9.1.5,TALENTO HUMANO QUE DESARROLLA FUNCIONES DE CARÁCTER OPERATIVO
A.2.2.9.2,MONITOREO Y EVALUACIÓN. 
A.2.2.9.2.1,CONTRATACIÓN CON LAS EMPRESAS SOCIALES DEL ESTADO.
A.2.2.9.2.2,ADQUISICIÓN DE INSUMOS ELEMENTOS PUBLICACIONES Y EQUIPOS PARA DESARROLLAR LAS PRIORIDADES  DE SALUD PÚBLICA SEGÚN COMPETENCIAS.
A.2.2.9.2.3,CONTRATACIÓN CON PERSONAS  JURÍDICAS QUE NO SEAN ESE´S.
A.2.2.9.2.4,CONCURRENCIA A MUNICIPIOS.
A.2.2.9.2.5,TALENTO HUMANO QUE DESARROLLA FUNCIONES DE CARÁCTER OPERATIVO
A.2.2.9.3,CAPACITACIÓN Y ASISTENCIA TÉCNICA.
A.2.2.9.3.1,CONTRATACIÓN CON LAS EMPRESAS SOCIALES DEL ESTADO.
A.2.2.9.3.2,ADQUISICIÓN DE INSUMOS ELEMENTOS PUBLICACIONES Y EQUIPOS PARA DESARROLLAR LAS PRIORIDADES  DE SALUD PÚBLICA SEGÚN COMPETENCIAS.
A.2.2.9.3.3,CONTRATACIÓN CON PERSONAS  JURÍDICAS QUE NO SEAN ESE´S.
A.2.2.9.3.4,CONCURRENCIA A MUNICIPIOS.
A.2.2.9.3.5,TALENTO HUMANO QUE DESARROLLA FUNCIONES DE CARÁCTER OPERATIVO
A.2.2.10,VIGILANCIA EN SALUD PÚBLICA
A.2.2.10.1,TALENTO HUMANO QUE DESARROLLA FUNCIONES DE CARÁCTER OPERATIVO.
A.2.2.10.2,ANÁLISIS Y PUBLICACIONES.
A.2.2.10.3,INFRAESTRUCTURA EQUIPOS  Y DOTACIÓN PARA FORTALECER EL SISTEMA DE INFORMACIÓN.
A.2.2.11,LABORATORIOS DE SALUD PUBLICA
A.2.2.11.1,TALENTO HUMANO QUE DESARROLLA FUNCIONES DE CARÁCTER OPERATIVO.
A.2.2.11.2,ADQUISICIÓN DE INSUMOS ELEMENTOS PUBLICACIONES Y EQUIPOS PARA DESARROLLAR LAS PRIORIDADES  DE SALUD PÚBLICA SEGÚN COMPETENCIAS.
A.2.2.11.3,ADQUISICIÓN DE EQUIPOS Y MEJORAMIENTO DE LA INFRAESTRUCTURA FÍSICA.
A.2.2.13,PAGO DE DÉFICIT DEL INVERSIÓN EN SALUD PÚBLICA
A.2.2.14,GASTOS POR VENTA DE MEDICAMENTOS CONTROLADOS (FONDO ROTATORIO DE ESTUPEFACIENTES)
A.2.2.14.1,CONTRATACIÓN CON LAS EMPRESAS SOCIALES DEL ESTADO.
A.2.2.14.2,ADQUISICIÓN DE INSUMOS ELEMENTOS PUBLICACIONES Y EQUIPOS PARA DESARROLLAR LAS PRIORIDADES  DE SALUD PÚBLICA SEGÚN COMPETENCIAS.
A.2.2.14.3,CONTRATACIÓN CON PERSONAS  JURÍDICAS QUE NO SEAN ESE´S.
A.2.2.14.4,CONCURRENCIA A MUNICIPIOS.
A.2.2.14.5,TALENTO HUMANO QUE DESARROLLA FUNCIONES DE CARÁCTER OPERATIVO
A.2.3,PRESTACION DE SERVICIOS A LA POBLACION POBRE EN LO NO CUBIERTO CON SUBSIDIOS A LA DEMANDA 
A.2.3.1,PRESTACION DE SERVICIOS DE SALUD PARA LA POBLACIÓN POBRE NO ASEGURADA
A.2.3.1.1,SERVICIOS CONTRATADOS CON EMPRESAS SOCIALES DEL ESTADO
A.2.3.1.1.1,BAJO NIVEL DE COMPLEJIDAD
A.2.3.1.1.3,MEDIO NIVEL DE COMPLEJIDAD
A.2.3.1.1.4,ALTO NIVEL DE COMPLEJIDAD
A.2.3.1.2,ATENCIÓN DE URGENCIAS (SIN CONTRATO) EN EMPRESAS SOCIALES DEL ESTADO
A.2.3.1.2.1,BAJO NIVEL DE COMPLEJIDAD
A.2.3.1.2.3,MEDIO NIVEL DE COMPLEJIDAD
A.2.3.1.2.4,ALTO NIVEL DE COMPLEJIDAD
A.2.3.1.3,SERVICIOS CONTRATADOS CON INSTITUCIONES PRESTADORAS DE SERVICIOS DE SALUD  PRIVADAS O MIXTAS
A.2.3.1.3.1,BAJO NIVEL DE COMPLEJIDAD
A.2.3.1.3.3,MEDIO NIVEL DE COMPLEJIDAD
A.2.3.1.3.4,ALTO NIVEL DE COMPLEJIDAD
A.2.3.1.4,ATENCIÓN DE URGENCIAS (SIN CONTRATO)  CON INSTITUCIONES PRESTADORAS DE SERVICIOS DE SALUD PRIVADAS O MIXTAS
A.2.3.1.4.1,BAJO NIVEL DE COMPLEJIDAD
A.2.3.1.4.3,MEDIO NIVEL DE COMPLEJIDAD
A.2.3.1.4.4,ALTO NIVEL DE COMPLEJIDAD
A.2.3.2,PRESTACION DE SERVICIOS DE SALUD A LA POBLACIÓN POBRE AFILIADA AL REGIMEN SUBSIDIADO NO INCLUIDOS EN EL PLAN (NO POS-S)
A.2.3.2.1,SERVICIOS CONTRATADOS CON EMPRESAS SOCIALES DEL ESTADO
A.2.3.2.2,ATENCIÓN DE URGENCIAS (SIN CONTRATO) CON EMPRESAS SOCIALES DEL ESTADO
A.2.3.2.3,SERVICIOS CONTRATADOS CON INSTITUCIONES PRESTADORAS DE SERVICIOS DE SALUD  PRIVADAS O MIXTAS
A.2.3.2.4,ATENCIÓN DE URGENCIAS (SIN CONTRATO)  CON INSTITUCIONES PRESTADORAS DE SERVICIOS DE SALUD PRIVADAS O MIXTAS
A.2.3.2.5,RECOBROS DE LAS EPS DEL REGIMEN SUBSIDIADO POR EVENTOS NO INCLUIDOS EN EL POS SUBSIDIADO
A.2.3.6,PAGO DE DÉFICIT DE INVERSIÓN EN SERVICIOS A LA POBLACION POBRE NO ASEGURADA VIGENCIA ANTERIOR (LEY 819 DE 2003)
A.2.3.8,SERVICIOS EXCLUIDOS DEL PLAN OBLIGATORIO DE SALUD
A.2.3.8.1,SERVICIOS CONTRATADOS POR EXCLUSIONES DEL POS A LA POBLACIÓN POBRE AFILIADA AL RÉGIMEN SUBSIDIADO
A.2.3.8.2,SERVICIOS NO CONTRATADOS POR EXCLUSIONES DEL POS A LA POBLACIÓN POBRE AFILIADA AL RÉGIMEN SUBSIDIADO
A.2.3.8.3,RECOBROS DE LAS EPS DEL RÉGIMEN SUBSIDIADO POR EVENTOS EXCLUIDOS DEL POS
A.2.4,OTROS GASTOS EN SALUD
A.2.4.1,INVESTIGACIÓN EN SALUD
A.2.4.2,PAGO PASIVO PRESTACIONAL
A.2.4.3,REORGANIZACIÓN DE REDES DE PRESTADORES DE SERVICIOS DE SALUD
A.2.4.5,PAGO DE CARTERA HOSPITALARIA DE VIGENCIAS ANTERIORES 
A.2.4.6,PAGO DE CARTERA A LAS EMPRESAS PROMOTORAS DE SALUD
A.2.4.7,PAGO DE OTRAS DEUDAS QUE NO CORRESPONDEN A CARTERA HOSPITALARIA O INFRAESTRUCTURA
A.2.4.8,INVERSIÓNES DIRECTAS EN LA RED PUBLICA SEGÚN PLAN BIENAL EN EQUIPOS Y DOTACIÓN
A.2.4.9,INVERSIÓNES DIRECTAS EN LA RED PUBLICA SEGÚN PLAN BIENAL EN INFRAESTRUCTURA
A.2.4.10,INVERSIÓNES DIRECTAS EN LA RED PUBLICA SEGÚN PLAN BIENAL EN OTROS CONCEPTOS
A.2.4.13,PROMOCIÓN SOCIAL
A.2.4.13.1,POBLACIÓN VICTIMA DEL DESPLAZAMIENTO FORZADO POR LA VIOLENCIA
A.2.4.13.2,ENTORNO FAMILIAR CULTURAL Y SOCIAL
A.2.4.13.3,ETNIA DISCAPACIDAD GÉNERO NIÑEZ ADOLESCENCIA PERSONAS MAYORES
A.2.4.14,OTROS GASTOS DE SALUD EN EMERGENCIAS Y DESASTRES
A.2.4.15,PROGRAMAS SANEAMIENTO FISCAL Y FINANCIERO EMPRESAS SOCIALES DEL ESTADO -ESE
A.3,AGUA POTABLE Y SANEAMIENTO BÁSICO  (SIN INCLUIR PROYECTOS DE VIS)
A.3.10,SERVICIO DE ACUEDUCTO
A.3.10.1,ACUEDUCTO-CAPTACIÓN
A.3.10.2,ACUEDUCTO- ADUCCIÓN
A.3.10.3,ACUEDUCTO- ALMACENAMIENTO
A.3.10.4,ACUEDUCTO- TRATAMIENTO
A.3.10.5,ACUEDUCTO- CONDUCCIÓN
A.3.10.6, ACUEDUCTO- MACROMEDICIÓN
A.3.10.7,ACUEDUCTO-DISTRIBUCIÓN
A.3.10.8,ACUEDUCTO- MICROMEDICIÓN
A.3.10.9,ACUEDUCTO- INDICE DE AGUA NO CONTABILIZADA
A.3.10.10,ACUEDUCTO-PREINVERSIONES ESTUDIOS
A.3.10.11,ACUEDUCTO-INTERVENTORÍA
A.3.10.12,ACUEDUCTO- FORMULACIÓN IMPLEMENTACIÓN Y ACCIONES DE FORTALECIMIENTO PARA LA ADMINISTRACIÓN Y OPERACIÓN DE LOS SERVICIOS. 
A.3.10.13,ACUEDUCTO- SUBSIDIOS
A.3.10.14,"ACUEDUCTO- SUBSIDIOS. RECURSOS DEVUELTOS POR EL PDA (AGUAS PARA LA PROSPERIDAD) O ESP
"
A.3.11,SERVICIO DE ALCANTARILLADO
A.3.11.1,ALCANTARILLADO- RECOLECCIÓN
A.3.11.2,ALCANTARILLADO - TRANSPORTE
A.3.11.3,ALCANTARILLADO- TRATAMIENTO
A.3.11.4,ALCANTARILLADO- DESCARGA
A.3.11.5,ALCANTARILLADO-PREINVERSIONES ESTUDIOS
A.3.11.6,ALCANTARILLADO-INTERVENTORÍA
A.3.11.7,ALCANTARILLADO- FORTALECIMIENTO INSTITUCIONAL
A.3.11.8,ALCANTARILLADO- SUBSIDIOS.
A.3.11.9,ALCANTARILLADO- SUBSIDIOS.RECURSOS DEVUELTOS POR EL PDA (AGUAS PARA LA PROSPERIDAD) O ESP
A.3.12,SERVICIO DE ASEO
A.3.12.1,ASEO- PROYECTO DE TRATAMIENTO Y APROVECHAMIENTO DE RESIDUOS SOLIDOS
A.3.12.2,ASEO- MAQUINARIA Y EQUIPOS
A.3.12.3,ASEO- DISPOSICIÓN FINAL
A.3.12.4,ASEO- PREINVERSIÓN Y ESTUDIOS
A.3.12.5,ASEO-INTERVENTORÍA
A.3.12.6,ASEO-FORTALECIMIENTO INSTITUCIONAL
A.3.12.7, ASEO- SUBSIDIOS. 
A.3.12.8,ASEO- SUBSIDIOS. RECURSOS DEVUELTOS POR EL PDA (AGUAS PARA LA PROSPERIDAD) O ESP
A.3.13,TRANSFERENCIA PDA INVERSIÓN
A.3.15,PAGO PASIVOS LABORALES
A.3.16,MUNICIPIOS DESCERTIFICADOS
A.3.17,PAGO DE DÉFICIT DE INVERSIÓN EN AGUA POTABLE Y SANEAMIENTO BÁSICO
A.4,DEPORTE Y RECREACIÓN
A.4.1,FOMENTO DESARROLLO Y PRÁCTICA DEL DEPORTE LA RECREACIÓN Y EL APROVECHAMIENTO DEL TIEMPO LIBRE
A.4.2,CONSTRUCCIÓN MANTENIMIENTO Y/O ADECUACIÓN DE LOS ESCENARIOS DEPORTIVOS Y RECREATIVOS
A.4.3,DOTACIÓN DE ESCENARIOS DEPORTIVOS E IMPLEMENTOS PARA LA PRACTICA DEL DEPORTE
A.4.4,PREINVERSIÓN EN INFRAESTRUCTURA
A.4.5,PAGO DE INSTRUCTORES CONTRATADOS PARA LA PRÁCTICA DEL DEPORTE Y LA RECREACIÓN
A.4.8,PAGO DE DÉFICIT DE INVERSIÓN EN DEPORTE Y RECREACIÓN
A.5,CULTURA
A.5.1,FOMENTO APOYO Y DIFUSIÓN DE EVENTOS Y EXPRESIONES ARTÍSTICAS Y CULTURALES
A.5.2,FORMACIÓN CAPACITACIÓN E INVESTIGACIÓN ARTÍSTICA Y CULTURAL
A.5.3,PROTECCIÓN DEL PATRIMONIO CULTURAL 
A.5.4,PREINVERSIÓN EN INFRAESTRUCTURA
A.5.5,CONSTRUCCIÓN MANTENIMIENTO Y ADECUACIÓN DE LA INFRAESTRUCTURA ARTÍSTICA Y CULTURAL
A.5.6,MANTENIMIENTO Y DOTACIÓN DE BIBLIOTECAS
A.5.6.1,DOTACIÓN DE BIBLIOTECAS
A.5.6.2,MANTENIMIENTO DE BIBLIOTECAS
A.5.7,DOTACIÓN DE LA INFRAESTRUCTURA ARTÍSTICA Y CULTURAL  
A.5.8,PAGO DE INSTRUCTORES CONTRATADOS PARA LAS BANDAS MUSICALES 
A.5.9,EJECUCIÓN DE PROGRAMAS Y PROYECTOS ARTÍSTICOS Y CULTURALES
A.5.12,SEGURIDAD SOCIAL DEL CREADOR Y GESTOR CULTURAL
A.5.13,PAGO DE DÉFICIT DE INVERSIÓN EN CULTURA
A.6,SERVICIOS PÚBLICOS DIFERENTES A ACUEDUCTO ALCANTARILLADO Y ASEO (SIN INCLUIR PROYECTOS DE VIVIENDA DE INTERÉS SOCIAL)
A.6.1,SUBSIDIOS PARA USUARIOS DE MENORES INGRESOS - FONDO DE SOLIDARIDAD Y REDISTRIBUCIÓN DEL INGRESO
A.6.2,MANTENIMIENTO Y EXPANSIÓN DEL SERVICIO DE ALUMBRADO PÚBLICO 
A.6.2.1,EXPANSIÓN DEL SERVICIO DE ALUMBRADO PÚBLICO 
A.6.2.2,MANTENIMIENTO DEL SERVICIO DE ALUMBRADO PÚBLICO 
A.6.3,PAGO DE CONVENIOS O CONTRATOS DE SUMINISTRO DE ENERGÍA ELÉCTRICA PARA EL SERVICIO DE ALUMBRADO PÚBLICO O PARA EL MANTENIMIENTO Y EXPANSIÓN DEL SERVICIO DE ALUMBRADO PÚBLICO
A.6.4,PREINVERSIÓN EN INFRAESTRUCTURA
A.6.5,CONSTRUCCIÓN ADECUACIÓN Y MANTENIMIENTO DE INFRAESTRUCTURA DE SERVICIOS PÚBLICOS
A.6.6,OBRAS DE ELECTRIFICACIÓN RURAL
A.6.7,DISTRIBUCIÓN DE GAS COMBUSTIBLE
A.6.8,TELEFONÍA PUBLICA CONMUTADA
A.6.9,TELEFONÍA LOCAL MÓVIL EN EL SECTOR RURAL
A.6.12,PAGO DE DÉFICIT DE INVERSIÓN EN SERVICIOS PÚBLICOS
A.7,VIVIENDA
A.7.1,SUBSIDIOS PARA ADQUISICIÓN DE VIVIENDA DE INTERÉS SOCIAL
A.7.2,SUBSIDIOS PARA MEJORAMIENTO DE VIVIENDA DE INTERÉS SOCIAL
A.7.3,PLANES Y PROYECTOS DE MEJORAMIENTO DE VIVIENDA Y SANEAMIENTO BÁSICO
A.7.4,PLANES Y PROYECTOS DE CONSTRUCCIÓN DE VIVIENDA EN SITIO PROPIO
A.7.5,PLANES Y PROYECTOS PARA LA ADQUISICIÓN Y/O CONSTRUCCIÓN DE VIVIENDA
A.7.6,SUBSIDIOS PARA REUBICACIÓN DE VIVIENDAS ASENTADAS EN ZONAS ALTO RIESGO
A.7.7,PROYECTOS DE TITULACIÓN Y LEGALIZACIÓN DE PREDIOS
A.7.8,PREINVERSIÓN EN INFRAESTRUCTURA
A.7.11,PAGO DE DÉFICIT DE INVERSIÓN EN VIVIENDA
A.8,AGROPECUARIO
A.8.1,PREINVERSIÓN EN INFRAESTRUCTURA
A.8.2,MONTAJE DOTACIÓN Y MANTENIMIENTO DE GRANJAS EXPERIMENTALES
A.8.3,PROYECTOS DE CONSTRUCCIÓN Y MANTENIMIENTO DE DISTRITOS DE RIEGO Y ADECUACIÓN DE TIERRAS
A.8.3.1,PROYECTOS DE CONSTRUCCIÓN DE DISTRITOS DE RIEGO Y ADECUACIÓN DE TIERRAS
A.8.3.2,PROYECTOS DE MANTENIMIENTO DE DISTRITOS DE RIEGO Y ADECUACIÓN DE TIERRAS
A.8.4,PROMOCIÓN DE ALIANZAS ASOCIACIONES U OTRAS FORMAS ASOCIATIVAS DE PRODUCTORES
A.8.5,PROGRAMAS Y PROYECTOS DE ASISTENCIA TÉCNICA DIRECTA RURAL
A.8.6,PAGO DEL PERSONAL TÉCNICO VINCULADO A LA PRESTACIÓN DEL SERVICIO DE ASISTENCIA TÉCNICA DIRECTA RURAL
A.8.7,CONTRATOS CELEBRADOS CON  ENTIDADES PRESTADORAS DEL SERVICIO DE ASISTENCIA TÉCNICA DIRECTA RURAL
A.8.8,DESARROLLO DE PROGRAMAS Y PROYECTOS PRODUCTIVOS EN EL MARCO DEL PLAN AGROPECUARIO 
A.8.11,PAGO DE DÉFICIT DE INVERSIÓN EN DESARROLLO AGROPECUARIO
A.9,TRANSPORTE
A.9.1,CONSTRUCCIÓN DE VÍAS 
A.9.2,MEJORAMIENTO DE VÍAS
A.9.3,REHABILITACIÓN DE VÍAS
A.9.4,MANTENIMIENTO RUTINARIO DE VÍAS
A.9.5,MANTENIMIENTO PERIÓDICO DE VÍAS
A.9.6,CONSTRUCCIÓN DE INSTALACIONES PORTUARIAS FLUVIALES Y MARÍTIMAS
A.9.7,MANTENIMIENTO DE INSTALACIONES PORTUARIAS FLUVIALES Y MARÍTIMAS
A.9.8,CONSTRUCCIÓN DE TERMINALES DE TRANSPORTE Y AEROPUERTOS
A.9.9,MEJORAMIENTO Y MANTENIMIENTO DE TERMINALES DE TRANSPORTE Y AEROPUERTOS
A.9.10,ESTUDIOS Y PREINVERSIÓN EN INFRAESTRUCTURA
A.9.11,COMPRA DE MAQUINARIA Y EQUIPO
A.9.12,INTERVENTORIA DE PROYECTOS DE CONSTRUCCIÓN Y MANTENIMIENTO DE INFRAESTRUCTURA DE TRANSPORTE
A.9.15,SISTEMAS DE TRANSPORTE MASIVO
A.9.16,PLANES DE TRÁNSITO EDUCACIÓN DOTACIÓN DE EQUIPOS Y SEGURIDAD VIAL
A.9.17,INFRAESTRUCTURA PARA TRANSPORTE NO MOTORIZADO (REDES PEATONALES Y CICLORUTAS)
A.9.18,PAGO DE DÉFICIT DE INVERSIÓN EN TRANSPORTE
A.10,AMBIENTAL
A.10.1,DESCONTAMINACIÓN DE CORRIENTES O DEPÓSITOS DE AGUA AFECTADOS POR VERTIMIENTOS 
A.10.2,DISPOSICIÓN ELIMINACIÓN Y RECICLAJE DE RESIDUOS LÍQUIDOS Y SÓLIDOS 
A.10.3,CONTROL A LAS EMISIONES CONTAMINANTES DEL AIRE
A.10.4,MANEJO Y APROVECHAMIENTO DE CUENCAS Y MICROCUENCAS HIDROGRÁFICAS
A.10.5,CONSERVACIÓN DE MICROCUENCAS QUE ABASTECEN EL ACUEDUCTO PROTECCIÓN DE FUENTES Y REFORESTACIÓN DE DICHAS CUENCAS
A.10.6,EDUCACIÓN AMBIENTAL NO FORMAL
A.10.7,ASISTENCIA TÉCNICA EN RECONVERSIÓN TECNOLÓGICA 
A.10.8,CONSERVACIÓN PROTECCIÓN RESTAURACIÓN Y APROVECHAMIENTO DE RECURSOS NATURALES Y DEL MEDIO AMBIENTE
A.10.9,ADQUISICIÓN DE PREDIOS DE RESERVA HÍDRICA Y ZONAS DE RESERVA NATURALES
A.10.10,ADQUISICIÓN DE ÁREAS DE INTERÉS PARA ACUEDUCTOS MUNICIPALES Y PAGO DE SERVICIOS AMBIENTALES (Art. 210 Ley 1450 de 2011)
A.10.10.1,ADQUISICIÓN DE ÁREAS DE INTERÉS PARA EL ACUEDUCTO MUNICIPAL
A.10.10.2,PAGO DE SERVICIOS AMBIENTALES
A.10.11,REFORESTACIÓN Y CONTROL DE EROSIÓN
A.10.14,MANEJO ARTIFICIAL DE CAUDALES (RECUPERACIÓN DE LA NAVEGABILIDAD DEL RÍO  HIDROLOGÍA MANEJO DE INUNDACIONES CANAL NAVEGABLE Y ESTIAJE)
A.10.15,COMPRA DE TIERRAS PARA PROTECCIÓN DE MICROCUENCAS ASOCIADAS AL RÍO MAGDALENA
A.10.16,PAGO DE DÉFICIT DE INVERSIÓN EN AMBIENTE
A.10.17,EJECUCIÓN DE OBRAS DE REDUCCIÓN DEL RIESGO DE DESASTRES (MITIGACIÓN) EN CUENCAS HIDROGRÁFICAS 
A.11,CENTROS DE RECLUSIÓN
A.11.1,PREINVERSIÓN EN INFRAESTRUCTURA
A.11.2,CONSTRUCCIÓN DE INFRAESTRUCTURA CARCELARIA
A.11.3,MEJORAMIENTO Y MANTENIMIENTO DE INFRAESTRUCTURA CARCELARIA
A.11.4,DOTACIÓN DE CENTROS CARCELARIOS
A.11.5,ALIMENTACIÓN PARA LAS PERSONAS DETENIDAS
A.11.6,TRANSPORTE DE RECLUSOS
A.11.7,EDUCACIÓN PARA LA REHABILITACIÓN SOCIAL
A.11.8,PAGO DEL PERSONAL DE LA GUARDIA PENITENCIARIA
A.11.11,PAGO DE DÉFICIT DE INVERSIÓN EN CENTROS DE RECLUSIÓN
A.12,PREVENCIÓN Y ATENCIÓN DE DESASTRES
A.12.1,ELABORACIÓN DESARROLLO Y ACTUALIZACIÓN DE PLANES DE EMERGENCIA Y CONTINGENCIA
A.12.2,PREINVERSIÓN EN INFRAESTRUCTURA
A.12.3,ADECUACIÓN DE ÁREAS URBANAS Y RURALES EN ZONAS DE ALTO RIESGO
A.12.4,ASENTAMIENTOS ESTABLECIDOS EN ZONAS DE ALTO RIESGO
A.12.4.1,RECUPERACIÓN DE ÁREAS DESALOJADAS EN PROCESOS DE REUBICACIÓN DE ASENTAMIENTOS HUMANOS 
A.12.4.2,REUBICACIÓN DE ASENTAMIENTOS HUMANOS CLASIFICADOS EN CONDICIÓN DE ALTO RIESGO DE DESASTRE 
A.12.5,MONITOREO EVALUACIÓN Y ZONIFICACIÓN DE RIESGO PARA FINES DE PLANIFICACIÓN
A.12.5.1,INSTALACIÓN Y OPERACIÓN DE SISTEMAS DE MONITOREO Y ALERTA ANTE AMENAZAS
A.12.5.2,INVERSIÓN DESTINADA AL DESARROLLO DE ESTUDIOS DE EVALUACIÓN Y ZONIFICACIÓN DE AMENAZAS PARA FINES DE PLANIFICACIÓN 
A.12.6,ATENCIÓN DE DESASTRES
A.12.6.1,AYUDA HUMANITARIA EN SITUACIONES DECLARADAS DE DESASTRES
A.12.6.2,RECURSOS DEDICADOS AL PAGO ARRIENDOS O A LA PROVISIÓN DE ALBERGUES TEMPORALES 
A.12.7,FORTALECIMIENTO DE LOS COMITÉS DE PREVENCIÓN Y ATENCIÓN DE DESASTRES
A.12.8,PREVENCIÓN PROTECCIÓN Y CONTINGENCIA EN OBRAS DE INFRAESTRUCTURA ESTRATÉGICA
A.12.9,EDUCACIÓN PARA LA PREVENCIÓN Y ATENCIÓN DE DESASTRES CON FINES DE CAPACITACIÓN Y PREPARACIÓN.
A.12.10,INVERSIÓNES EN INFRAESTRUCTURA FÍSICA PARA PREVENCIÓN Y REFORZAMIENTO ESTRUCTURAL.
A.12.11,DOTACIÓN DE MAQUINAS Y EQUIPOS PARA LOS CUERPOS DE BOMBEROS OFICIALES
A.12.12,CONTRATOS CELEBRADOS CON CUERPOS DE BOMBEROS PARA LA PREVENCIÓN Y CONTROL DE INCENDIOS
A.12.15,PAGO DE DÉFICIT DE INVERSIÓN EN PREVENCIÓN Y ATENCIÓN DE DESASTRES
A.12.16,ADQUISICIÓN DE BIENES E INSUMOS PARA LA ATENCIÓN DE LA POBLACIÓN AFECTADA POR DESASTRES    
A.12.17,INFRAESTRUCTURA DE DEFENSA CONTRA LAS INUNDACIONES
A.12.18,PLAN PARA LA GESTIÓN DEL RIESGO DE DESASTRES
A.12.19,SISTEMAS INTEGRADOS DE INFORMACIÓN PARA LA GESTIÓN DEL RIESGO DE DESASTRES
A.12.20,CAPACIDAD COMUNITARIAS PARA LA GESTIÓN DEL RIESGO DE DESASTRES
A.12.21,ASEGURAMIENTO DE BIENES PÚBLICOS CONTRA DESASTRES 
A.13,PROMOCIÓN DEL DESARROLLO
A.13.1,PROMOCIÓN DE ASOCIACIONES Y ALIANZAS PARA EL DESARROLLO EMPRESARIAL E INDUSTRIAL
A.13.2,PROMOCIÓN DE CAPACITACIÓN PARA EMPLEO
A.13.3,FOMENTO Y APOYO A LA APROPIACIÓN DE TECNOLOGÍA EN PROCESOS EMPRESARIALES
A.13.4,ASISTENCIA TÉCNICA EN PROCESOS DE PRODUCCIÓN DISTRIBUCIÓN Y COMERCIALIZACIÓN Y ACCESO A FUENTES DE FINANCIACIÓN
A.13.5,PROMOCIÓN DEL DESARROLLO TURÍSTICO
A.13.6,CONSTRUCCIÓN MEJORAMIENTO Y MANTENIMIENTO DE INFRAESTRUCTURA FÍSICA
A.13.7,ADQUISICIÓN DE MAQUINARIA Y EQUIPO
A.13.11,PROYECTOS INTEGRALES DE CIENCIA TECNOLOGÍA E INNOVACIÓN
A.13.12,PAGO DE DÉFICIT DE INVERSIÓN EN PROMOCIÓN DEL DESARROLLO
A.14,ATENCIÓN A GRUPOS VULNERABLES - PROMOCIÓN SOCIAL
A.14.1,PROTECCIÓN INTEGRAL A LA PRIMERA INFANCIA
A.14.1.5,PROGRAMA DE ATENCION INTEGRAL A LA PRIMERA INFANCIA
A.14.1.10,INFRAESTRUCTURA
A.14.1.10.1,INFRAESTRUCTURA NUEVA / AMPLICACIONES
A.14.1.10.2,ADECUACIÓN DE INFRAESTRUCTURA EXISTENTE
A.14.1.10.3,TERMINACIÓN DE OBRAS INCONCLUSAS CON VIABILIDAD TÉCNICA Y OPERATIVA
A.14.1.11,FORMACIÓN DE TALENTO HUMANO
A.14.1.13,ESTRATEGIA DE ATENCION EN SALUD  (MIL PRIMEROS DIAS DE VIDA)
A.14.1.13.1,ATENCIÓN DEL PARTO INTEGRAL
A.14.1.13.2,IMPLEMENTACIÓN DE ESTRATEGIAS AMBULATORIAS HOSPITALARIAS Y COMUNITARIAS 
A.14.1.13.3,ESTRATEGIA DE PROMOCIÓN DE LA SALUD PREVENCIÓN DE LA ENFERMEDAD Y DESARROLLO INTEGRAL
A.14.1.13.4,ATENCIÓN AMBULATORIA DE URGENCIAS Y HOSPITALIZACIÓN PEDIATRICA
A.14.1.13.4.1,SALAS DE ENFERMEDAD RESPIRATORIA AGUADA -ERA 
A.14.1.13.4.2,FORTALECIMIENTO A LA HOSPITALIZACIÓN PEDIÁTRICA
A.14.1.13.4.3,FORTALECIMIENTO A LA RED DE FRIO PAI
A.14.1.14,AMBITOS CULTURALES ADECUADOS Y ACCESIBLES PARA PRIMERA INFANCIA
A.14.2,PROTECCIÓN INTEGRAL DE LA NIÑEZ
A.14.2.1,CONSTRUCCIÓN DE INFRAESTRUCTURA
A.14.2.2,ADECUACIÓN DE INFRAESTRUCTURA
A.14.2.3,CONTRATACIÓN DEL SERVICIO
A.14.2.4,PRESTACIÓN DIRECTA DEL SERVICIO
A.14.2.4.1,TALENTO HUMANO QUE DESARROLLA FUNCIONES DE CARÁCTER OPERATIVO
A.14.2.4.2,ADQUISICIÓN DE INSUMOS SUMINISTROS Y DOTACIÓN
A.14.3,PROTECCIÓN INTEGRAL A LA ADOLESCENCIA
A.14.3.1,CONSTRUCCIÓN DE INFRAESTRUCTURA
A.14.3.2,ADECUACIÓN DE INFRAESTRUCTURA
A.14.3.3,CONTRATACIÓN DEL SERVICIO
A.14.3.4,PRESTACIÓN DIRECTA DEL SERVICIO
A.14.3.4.1,TALENTO HUMANO QUE DESARROLLA FUNCIONES DE CARÁCTER OPERATIVO
A.14.3.4.2,ADQUISICIÓN DE INSUMOS SUMINISTROS Y DOTACIÓN
A.14.4,ATENCIÓN Y APOYO AL ADULTO MAYOR
A.14.4.1,CONSTRUCCIÓN DE INFRAESTRUCTURA
A.14.4.2,ADECUACIÓN DE INFRAESTRUCTURA
A.14.4.3,CONTRATACIÓN DEL SERVICIO
A.14.4.4,PRESTACIÓN DIRECTA DEL SERVICIO
A.14.4.4.1,TALENTO HUMANO QUE DESARROLLA FUNCIONES DE CARÁCTER OPERATIVO
A.14.4.4.2,ADQUISICIÓN DE INSUMOS SUMINISTROS Y DOTACIÓN
A.14.5,ATENCIÓN Y APOYO A MADRES/PADRES CABEZA DE HOGAR  
A.14.5.1,CONSTRUCCIÓN DE INFRAESTRUCTURA
A.14.5.2,ADECUACIÓN DE INFRAESTRUCTURA
A.14.5.3,CONTRATACIÓN DEL SERVICIO
A.14.5.4,PRESTACIÓN DIRECTA DEL SERVICIO
A.14.5.4.1,TALENTO HUMANO QUE DESARROLLA FUNCIONES DE CARÁCTER OPERATIVO
A.14.5.4.2,ADQUISICIÓN DE INSUMOS SUMINISTROS Y DOTACIÓN
A.14.7,PROGRAMAS DE DISCAPACIDAD ( EXLCUYENDO ACCIONES DE SALUD PÚBLICA)
A.14.7.1,CONSTRUCCIÓN DE INFRAESTRUCTURA
A.14.7.2,ADECUACIÓN DE INFRAESTRUCTURA
A.14.7.3,CONTRATACIÓN DEL SERVICIO
A.14.7.4,PRESTACIÓN DIRECTA DEL SERVICIO
A.14.7.4.1,TALENTO HUMANO QUE DESARROLLA FUNCIONES DE CARÁCTER OPERATIVO
A.14.7.4.2,ADQUISICIÓN DE INSUMOS SUMINISTROS Y DOTACIÓN
A.14.8,ATENCIÓN Y APOYO A LA POBLACIÓN REINSERTADA
A.14.9,ATENCIÓN Y APOYO A LOS GRUPOS INDÍGENAS
A.14.10,ATENCIÓN Y APOYO A LOS GRUPOS AFROCOLOMBIANOS
A.14.11,ATENCIÓN Y APOYO AL PUEBLO ROM 
A.14.13,PROGRAMAS DISEÑADOS  PARA LA SUPERACIÓN DE LA POBREZA  EXTREMA EN EL MARCO DE LA RED UNIDOS - MAS FAMILIAS EN ACCIÓN
A.14.13.1,TALENTO HUMANO QUE DESARROLLA FUNCIONES DE CARÁCTER OPERATIVO
A.14.13.2,ADQUISICIÓN DE INSUMOS SUMINISTROS Y DOTACIÓN
A.14.16,PAGO DE DÉFICIT DE INVERSIÓN EN ATENCIÓN A GRUPOS VULNERABLES - PROMOCIÓN SOCIAL
A.14.17,ATENCIÓN Y APOYO A LA POBLACIÓN L.G.T.B.
A.14.17.1,CONSTRUCCIÓN DE INFRAESTRUCTURA
A.14.17.2,ADECUACIÓN DE INFRAESTRUCTURA
A.14.17.3,CONTRATACIÓN DEL SERVICIO
A.14.17.4,PRESTACIÓN DIRECTA DEL SERVICIO
A.14.17.4.1,TALENTO HUMANO QUE DESARROLLA FUNCIONES DE CARÁCTER OPERATIVO
A.14.17.4.2,ADQUISICIÓN DE INSUMOS SUMINISTROS Y DOTACIÓN
A.14.18,PROTECCIÓN INTEGRAL A LA JUVENTUD
A.14.18.1,CONSTRUCCIÓN DE INFRAESTRUCTURA
A.14.18.2,ADECUACIÓN DE INFRAESTRUCTURA
A.14.18.3,CONTRATACIÓN DEL SERVICIO
A.14.18.4,PRESTACIÓN DIRECTA DEL SERVICIO
A.14.18.4.1,TALENTO HUMANO QUE DESARROLLA FUNCIONES DE CARÁCTER OPERATIVO
A.14.18.4.2,ADQUISICIÓN DE INSUMOS SUMINISTROS Y DOTACIÓN
A.14.19,ATENCIÓN Y APOYO A LA MUJER
A.14.20,ATENCIÓN Y APOYO A LAS VICTIMAS
A.14.20.1,VICTIMAS (NO INCLUYE PROYECTOS PARA DESPLAZADOS)
A.14.20.1.1,PREVENCIÓN Y PROTECCIÓN
A.14.20.1.2,ASISTENCIA Y ATENCIÓN INTEGRAL
A.14.20.1.3,REPARACIÓN INTEGRAL
A.14.20.1.4,VERDAD
A.14.20.1.5,JUSTICIA
A.14.20.1.6,PARTICIPACIÓN
A.14.20.1.7,SISTEMAS DE INFORMACIÓN
A.14.20.2,PROYECTOS PARA ATENDER A LA POBLACIÓN DESPLAZADA
A.14.20.2.1,PREVENCIÓN Y PROTECCIÓN
A.14.20.2.2,ASISTENCIA Y ATENCIÓN INTEGRAL
A.14.20.2.3,REPARACIÓN INTEGRAL
A.14.20.2.4,VERDAD
A.14.20.2.5,JUSTICIA
A.14.20.2.6,RETORNO Y REUBICACIÓN
A.15,EQUIPAMIENTO 
A.15.1,PREINVERSIÓN DE INFRAESTRUCTURA
A.15.2,CONSTRUCCIÓN DE DEPENDENCIAS DE LA ADMINISTRACIÓN
A.15.3,MEJORAMIENTO Y MANTENIMIENTO DE DEPENDENCIAS DE LA ADMINISTRACIÓN
A.15.4,CONSTRUCCIÓN DE PLAZAS DE MERCADO MATADEROS CEMENTERIOS Y MOBILIARIOS DEL ESPACIO PÚBLICO
A.15.5,MEJORAMIENTO Y MANTENIMIENTO DE PLAZAS DE MERCADO MATADEROS CEMENTERIOS Y MOBILIARIOS DEL ESPACIO PÚBLICO
A.15.8,PAGO DE DÉFICIT DE INVERSIÓN EN EQUIPAMIENTO
A.15.9,CONSTRUCCIÓN DE ZONAS VERDES PARQUES PLAZAS Y PLAZOLETAS
A.15.10,MEJORAMIENTO Y MANTENIMIENTO DE ZONAS VERDES PARQUES PLAZAS Y PLAZOLETAS
A.16,DESARROLLO COMUNITARIO
A.16.1,PROGRAMAS DE CAPACITACIÓN ASESORÍA Y ASISTENCIA TÉCNICA PARA CONSOLIDAR PROCESOS DE PARTICIPACIÓN CIUDADANA Y CONTROL SOCIAL
A.16.2,PROCESOS DE ELECCIÓN DE CIUDADANOS A LOS ESPACIOS DE PARTICIPACIÓN CIUDADANA
A.16.3,CAPACITACIÓN A LA COMUNIDAD SOBRE PARTICIPACIÓN EN LA GESTIÓN PÚBLICA 
A.16.8,PAGO DE DÉFICIT DE INVERSIÓN EN DESARROLLO COMUNITARIO
A.17,FORTALECIMIENTO INSTITUCIONAL
A.17.1,PROCESOS INTEGRALES DE EVALUACIÓN INSTITUCIONAL Y REORGANIZACIÓN ADMINISTRATIVA
A.17.2,PROGRAMAS DE CAPACITACIÓN Y ASISTENCIA TÉCNICA ORIENTADOS AL DESARROLLO EFICIENTE DE LAS COMPETENCIAS DE LEY
A.17.3,PAGO DE INDEMNIZACIONES ORIGINADAS EN PROGRAMAS DE SANEAMIENTO FISCAL Y FINANCIERO - LEY 617 DE 2000
A.17.4,PAGO DE DÉFICIT FISCAL DE PASIVO LABORAL Y PRESTACIONAL EN PROGRAMAS DE SANEAMIENTO FISCAL Y FINANCIERO
A.17.4.1,CAUSADO CON ANTERIORIDAD AL 31 DE DICIEMBRE DE 2000
A.17.4.2,CAUSADO DESPUÉS DEL 31 DE DICIEMBRE DE 2000
A.17.5,FINANCIACIÓN DE ACUERDOS DE RESTRUCTURACIÓN DE PASIVOS
A.17.5.1,PASIVOS LABORALES Y PRESTACIONALES
A.17.5.2,PASIVOS CON ENTIDADES PÚBLICAS Y DE SEGURIDAD SOCIAL
A.17.5.3,PASIVOS CON ENTIDADES FINANCIERAS VIGILADAS DIFERENTES A DEUDA PUBLICA
A.17.5.4,DEMÁS ACREEDORES
A.17.5.5,PASIVOS CLASIFICADOS COMO CONTINGENCIAS
A.17.5.6,PASIVOS CLASIFICADOS COMO SALDOS POR DEPURAR
A.17.6,ACTUALIZACIÓN DEL SISBEN
A.17.7,ESTRATIFICACIÓN SOCIOECONÓMICA
A.17.8,ACTUALIZACIÓN CATASTRAL
A.17.9,ELABORACIÓN Y ACTUALIZACIÓN DEL PLAN DE DESARROLLO
A.17.10,ELABORACIÓN Y ACTUALIZACIÓN DEL PLAN DE ORDENAMIENTO TERRITORIAL
A.17.13,PAGO DE DÉFICIT DE INVERSIÓN EN FORTALECIMIENTO INSTITUCIONAL
A.18,JUSTICIA Y SEGURIDAD
A.18.1,PAGO DE INSPECTORES DE POLICÍA
A.18.2,CONTRATACIÓN DE SERVICIOS ESPECIALES DE POLICÍA EN CONVENIO CON LA POLICÍA NACIÓNAL
A.18.3,PAGO DE COMISARIOS DE FAMILIA MÉDICOS PSICÓLOGOS Y TRABAJADORES SOCIALES DE LAS COMISARÍAS DE FAMILIA.
A.18.4,FONDO DE SEGURIDAD DE LAS ENTIDADES TERRITORIALES - FONSET (LEY 1421 DE 2010)
A.18.4.1,DOTACIÓN Y MATERIAL DE GUERRA
A.18.4.2,RECONSTRUCCIÓN DE CUARTELES Y DE OTRAS INSTALACIONES
A.18.4.3,COMPRA DE EQUIPO DE COMUNICACIÓN MONTAJE Y OPERACIÓN DE REDES DE INTELIGENCIA
A.18.4.4,RECOMPENSAS A PERSONAS QUE COLABOREN CON LA JUSTICIA Y SEGURIDAD DE LAS MISMAS
A.18.4.5,SERVICIOS PERSONALES DOTACIÓN Y RACIONES PARA NUEVOS AGENTES Y SOLDADOS 
A.18.4.6,GASTOS DESTINADOS A GENERAR AMBIENTES QUE PROPICIEN LA SEGURIDAD CIUDADANA Y LA PRESERVACIÓN DEL ORDEN PÚBLICO.
A.18.4.7,DESARROLLO DEL PLAN INTEGRAL DE SEGURIDAD Y CONVIVENCIA CIUDADANA
A.18.4.8,COMPRA DE TERRENOS
A.18.7,PAGO DE DÉFICIT DE INVERSIÓN EN JUSTICIA
A.18.8,PLAN DE ACCIÓN DE DERECHOS HUMANOS Y DIH
A.18.9,CONSTRUCCIÓN DE PAZ Y CONVIVENCIA FAMILIAR 
A.19,GASTOS ESPECÍFICOS DE REGALÍAS Y COMPENSACIONES
A.19.1,INTERVENTORIA TÉCNICA DE LOS PROYECTOS QUE SE EJECUTEN CON RECURSOS DE REGALÍAS Y COMPENSACIONES
RR,Recursos que financian reservas presupuestales excepcionales (Ley 819/2003)
RR.1,Recursos de libre destinación 
RR.1.1,SGP Propósito General recursos de libre destinación 42% municipios de 4 5 y 6 categoría. 
RR.1.3,Ingresos corrientes de libre destinación diferentes a la participación de libre destinación Propósito General:
RR.2,Recursos de forzosa inversión (con destinación especifica)
RR.2.1,Recursos de forzosa inversión SGP (con destinación específica)
RR.2.1.1,Recursos de forzosa inversión - Educación
RR.2.1.2,Recursos de forzosa inversión - Salud
RR.2.1.2.1,Recursos de forzosa inversión - Salud: Régimen Subsidiado
RR.2.1.2.2,Recursos de forzosa inversión - Salud:  Pública
RR.2.1.2.3,Recursos de forzosa inversión - Salud: Prestación del servicio a la población pobre no afiliada
RR.2.1.2.4,Recursos de forzosa inversión - Salud: Otros diferentes a los anteriores con destino a salud
RR.2.1.3,Recursos de forzosa inversión - Alimentación Escolar
RR.2.1.4,Recursos de forzosa inversión - Ribereños
RR.2.1.5,Participación para Agua Potable y Saneamiento Básico
RR.2.1.6,Recursos de forzosa inversión - Crecimiento de la economía
RR.2.1.6.1,Primera Infancia
RR.2.1.6.2,Educación
RR.2.1.7,Recursos de forzosa inversión Propósito general
RR.2.1.7.1,Deporte y recreación
RR.2.1.7.3,Cultura
RR.2.1.7.7,Resto libre inversión
RR.2.2,Regalías y compensaciones (Régimen Anterior de Regalías Ley 141/94 y 756/02)
RR.2.3,Otros recursos de forzosa inversión diferentes al SGP (con destinación específica)
R,TOTAL RESERVAS PRESUPUESTALES
R.F,TOTAL RESERVAS PRESUPUESTALES DE FUNCIONAMIENTO
R.F.1,GASTOS DE PERSONAL
R.F.2,GASTOS GENERALES
R.F.3,TRANSFERENCIAS CORRIENTES
R.F.8,TRANSFERENCIAS DE CAPITAL
R.F.9,COSTOS Y GASTOS ASOCIADOS A LA OPERACIÓN PRODUCCIÓN Y COMERCIALIZACIÓN
R.F.10,OTROS GASTOS DE FUNCIONAMIENTO
R.I,TOTAL DE RESERVAS PRESUPUESTALES DE INVERSION
R.I.1,EDUCACIÓN
R.I.1.1,COBERTURA
R.I.1.2,CALIDAD - MATRÍCULA
R.I.1.3,CALIDAD - GRATUIDAD
R.I.1.4,EFICIENCIA EN LA ADMINISTRACIÓN DEL SERVICIO EDUCATIVO
R.I.1.5,NECESIDADES EDUCATIVAS ESPECIALES
R.I.1.6,INTERNADOS
R.I.1.7,OTROS GASTOS EN EDUCACIÓN NO INCLUIDOS EN LOS CONCEPTOS ANTERIORES
R.I.2,SALUD
R.I.2.1,RÉGIMEN SUBSIDIADO 
R.I.2.2,SALUD PÚBLICA   
R.I.2.3,PRESTACION DE SERVICIOS A LA POBLACION POBRE EN LO NO CUBIERTO CON SUBSIDIOS A LA DEMANDA 
R.I.2.4,OTROS GASTOS EN SALUD
R.I.3,AGUA POTABLE Y SANEAMIENTO BÁSICO  (SIN INCLUIR PROYECTOS DE VIS)
R.I.3.10,SERVICIO DE ACUEDUCTO
R.I.3.11,SERVICIO DE ALCANTARILLADO
R.I.3.12,SERVICIO DE ASEO
R.I.3.13,TRANSFERENCIA PDA INVERSIÓN
R.I.3.15,PAGO PASIVOS LABORALES
R.I.3.16,MUNICIPIOS DESCERTIFICADOS
R.I.4,DEPORTE Y RECREACIÓN
R.I.4.1,FOMENTO DESARROLLO Y PRÁCTICA DEL DEPORTE LA RECREACIÓN Y EL APROVECHAMIENTO DEL TIEMPO LIBRE
R.I.4.2,CONSTRUCCIÓN MANTENIMIENTO Y/O ADECUACIÓN DE LOS ESCENARIOS DEPORTIVOS Y RECREATIVOS
R.I.4.3,DOTACIÓN DE ESCENARIOS DEPORTIVOS E IMPLEMENTOS PARA LA PRACTICA DEL DEPORTE
R.I.4.4,PREINVERSIÓN EN INFRAESTRUCTURA
R.I.4.5,PAGO DE INSTRUCTORES CONTRATADOS PARA LA PRÁCTICA DEL DEPORTE Y LA RECREACIÓN
R.I.5,CULTURA
R.I.5.1,FOMENTO APOYO Y DIFUSIÓN DE EVENTOS Y EXPRESIONES ARTÍSTICAS Y CULTURALES
R.I.5.2,FORMACIÓN CAPACITACIÓN E INVESTIGACIÓN ARTÍSTICA Y CULTURAL
R.I.5.3,PROTECCIÓN DEL PATRIMONIO CULTURAL 
R.I.5.4,PREINVERSIÓN EN INFRAESTRUCTURA
R.I.5.5,CONSTRUCCIÓN MANTENIMIENTO Y ADECUACIÓN DE LA INFRAESTRUCTURA ARTÍSTICA Y CULTURAL
R.I.5.6,MANTENIMIENTO Y DOTACIÓN DE BIBLIOTECAS
R.I.5.7,DOTACIÓN DE LA INFRAESTRUCTURA ARTÍSTICA Y CULTURAL  
R.I.5.8,PAGO DE INSTRUCTORES CONTRATADOS PARA LAS BANDAS MUSICALES 
R.I.5.9,EJECUCIÓN DE PROGRAMAS Y PROYECTOS ARTÍSTICOS Y CULTURALES
R.I.5.12,SEGURIDAD SOCIAL DEL CREADOR Y GESTOR CULTURAL
R.I.6,SERVICIOS PÚBLICOS DIFERENTES A ACUEDUCTO ALCANTARILLADO Y ASEO (SIN INCLUIR PROYECTOS DE VIVIENDA DE INTERÉS SOCIAL)
R.I.6.1,SUBSIDIOS PARA USUARIOS DE MENORES INGRESOS - FONDO DE SOLIDARIDAD Y REDISTRIBUCIÓN DEL INGRESO
R.I.6.2,MANTENIMIENTO Y EXPANSIÓN DEL SERVICIO DE ALUMBRADO PÚBLICO 
R.I.6.3,PAGO DE CONVENIOS O CONTRATOS DE SUMINISTRO DE ENERGÍA ELÉCTRICA PARA EL SERVICIO DE ALUMBRADO PÚBLICO O PARA EL MANTENIMIENTO Y EXPANSIÓN DEL SERVICIO DE ALUMBRADO PÚBLICO
R.I.6.4,PREINVERSIÓN EN INFRAESTRUCTURA
R.I.6.5,CONSTRUCCIÓN ADECUACIÓN Y MANTENIMIENTO DE INFRAESTRUCTURA DE SERVICIOS PÚBLICOS
R.I.6.6,OBRAS DE ELECTRIFICACIÓN RURAL
R.I.6.7,DISTRIBUCIÓN DE GAS COMBUSTIBLE
R.I.6.8,TELEFONÍA PUBLICA CONMUTADA
R.I.6.9,TELEFONÍA LOCAL MÓVIL EN EL SECTOR RURAL
R.I.7,VIVIENDA
R.I.7.1,SUBSIDIOS PARA ADQUISICIÓN DE VIVIENDA DE INTERÉS SOCIAL
R.I.7.2,SUBSIDIOS PARA MEJORAMIENTO DE VIVIENDA DE INTERÉS SOCIAL
R.I.7.3,PLANES Y PROYECTOS DE MEJORAMIENTO DE VIVIENDA Y SANEAMIENTO BÁSICO
R.I.7.4,PLANES Y PROYECTOS DE CONSTRUCCIÓN DE VIVIENDA EN SITIO PROPIO
R.I.7.5,PLANES Y PROYECTOS PARA LA ADQUISICIÓN Y/O CONSTRUCCIÓN DE VIVIENDA
R.I.7.6,SUBSIDIOS PARA REUBICACIÓN DE VIVIENDAS ASENTADAS EN ZONAS ALTO RIESGO
R.I.7.7,PROYECTOS DE TITULACIÓN Y LEGALIZACIÓN DE PREDIOS
R.I.7.8,PREINVERSIÓN EN INFRAESTRUCTURA
R.I.8,AGROPECUARIO
R.I.8.1,PREINVERSIÓN EN INFRAESTRUCTURA
R.I.8.2,MONTAJE DOTACIÓN Y MANTENIMIENTO DE GRANJAS EXPERIMENTALES
R.I.8.3,PROYECTOS DE CONSTRUCCIÓN Y MANTENIMIENTO DE DISTRITOS DE RIEGO Y ADECUACIÓN DE TIERRAS
R.I.8.4,PROMOCIÓN DE ALIANZAS ASOCIACIONES U OTRAS FORMAS ASOCIATIVAS DE PRODUCTORES
R.I.8.5,PROGRAMAS Y PROYECTOS DE ASISTENCIA TÉCNICA DIRECTA RURAL
R.I.8.6,PAGO DEL PERSONAL TÉCNICO VINCULADO A LA PRESTACIÓN DEL SERVICIO DE ASISTENCIA TÉCNICA DIRECTA RURAL
R.I.8.7,CONTRATOS CELEBRADOS CON  ENTIDADES PRESTADORAS DEL SERVICIO DE ASISTENCIA TÉCNICA DIRECTA RURAL
R.I.8.8,DESARROLLO DE PROGRAMAS Y PROYECTOS PRODUCTIVOS EN EL MARCO DEL PLAN AGROPECUARIO 
R.I.9,TRANSPORTE
R.I.9.1,CONSTRUCCIÓN DE VÍAS 
R.I.9.2,MEJORAMIENTO DE VÍAS
R.I.9.3,REHABILITACIÓN DE VÍAS
R.I.9.4,MANTENIMIENTO RUTINARIO DE VÍAS
R.I.9.5,MANTENIMIENTO PERIÓDICO DE VÍAS
R.I.9.6,CONSTRUCCIÓN DE INSTALACIONES PORTUARIAS FLUVIALES Y MARÍTIMAS
R.I.9.7,MANTENIMIENTO DE INSTALACIONES PORTUARIAS FLUVIALES Y MARÍTIMAS
R.I.9.8,CONSTRUCCIÓN DE TERMINALES DE TRANSPORTE Y AEROPUERTOS
R.I.9.9,MEJORAMIENTO Y MANTENIMIENTO DE TERMINALES DE TRANSPORTE Y AEROPUERTOS
R.I.9.10,ESTUDIOS Y PREINVERSIÓN EN INFRAESTRUCTURA
R.I.9.11,COMPRA DE MAQUINARIA Y EQUIPO
R.I.9.12,INTERVENTORIA DE PROYECTOS DE CONSTRUCCIÓN Y MANTENIMIENTO DE INFRAESTRUCTURA DE TRANSPORTE
R.I.9.15,SISTEMAS DE TRANSPORTE MASIVO
R.I.9.16,PLANES DE TRÁNSITO EDUCACIÓN DOTACIÓN DE EQUIPOS Y SEGURIDAD VIAL
R.I.9.17,INFRAESTRUCTURA PARA TRANSPORTE NO MOTORIZADO (REDES PEATONALES Y CICLORUTAS)
R.I.10,AMBIENTAL
R.I.10.1,DESCONTAMINACIÓN DE CORRIENTES O DEPÓSITOS DE AGUA AFECTADOS POR VERTIMIENTOS 
R.I.10.2,DISPOSICIÓN ELIMINACIÓN Y RECICLAJE DE RESIDUOS LÍQUIDOS Y SÓLIDOS 
R.I.10.3,CONTROL A LAS EMISIONES CONTAMINANTES DEL AIRE
R.I.10.4,MANEJO Y APROVECHAMIENTO DE CUENCAS Y MICROCUENCAS HIDROGRÁFICAS
R.I.10.5,CONSERVACIÓN DE MICROCUENCAS QUE ABASTECEN EL ACUEDUCTO PROTECCIÓN DE FUENTES Y REFORESTACIÓN DE DICHAS CUENCAS
R.I.10.6,EDUCACIÓN AMBIENTAL NO FORMAL
R.I.10.7,ASISTENCIA TÉCNICA EN RECONVERSIÓN TECNOLÓGICA 
R.I.10.8,CONSERVACIÓN PROTECCIÓN RESTAURACIÓN Y APROVECHAMIENTO DE RECURSOS NATURALES Y DEL MEDIO AMBIENTE
R.I.10.9,ADQUISICIÓN DE PREDIOS DE RESERVA HÍDRICA Y ZONAS DE RESERVA NATURALES
R.I.10.10,ADQUISICIÓN DE ÁREAS DE INTERÉS PARA ACUEDUCTOS MUNICIPALES Y PAGO DE SERVICIOS AMBIENTALES (Art. 210 Ley 1450 de 2011)
R.I.10.11,REFORESTACIÓN Y CONTROL DE EROSIÓN
R.I.10.14,MANEJO ARTIFICIAL DE CAUDALES (RECUPERACIÓN DE LA NAVEGABILIDAD DEL RÍO  HIDROLOGÍA MANEJO DE INUNDACIONES CANAL NAVEGABLE Y ESTIAJE)
R.I.10.15,COMPRA DE TIERRAS PARA PROTECCIÓN DE MICROCUENCAS ASOCIADAS AL RÍO MAGDALENA
R.I.10.17,EJECUCIÓN DE OBRAS DE REDUCCIÓN DEL RIESGO DE DESASTRES (MITIGACIÓN) EN CUENCAS HIDROGRÁFICAS 
R.I.11,CENTROS DE RECLUSIÓN
R.I.11.1,PREINVERSIÓN EN INFRAESTRUCTURA
R.I.11.2,CONSTRUCCIÓN DE INFRAESTRUCTURA CARCELARIA
R.I.11.3,MEJORAMIENTO Y MANTENIMIENTO DE INFRAESTRUCTURA CARCELARIA
R.I.11.4,DOTACIÓN DE CENTROS CARCELARIOS
R.I.11.5,ALIMENTACIÓN PARA LAS PERSONAS DETENIDAS
R.I.11.6,TRANSPORTE DE RECLUSOS
R.I.11.7,EDUCACIÓN PARA LA REHABILITACIÓN SOCIAL
R.I.11.8,PAGO DEL PERSONAL DE LA GUARDIA PENITENCIARIA
R.I.12,PREVENCIÓN Y ATENCIÓN DE DESASTRES
R.I.12.1,ELABORACIÓN DESARROLLO Y ACTUALIZACIÓN DE PLANES DE EMERGENCIA Y CONTINGENCIA
R.I.12.2,PREINVERSIÓN EN INFRAESTRUCTURA
R.I.12.3,ADECUACIÓN DE ÁREAS URBANAS Y RURALES EN ZONAS DE ALTO RIESGO
R.I.12.4,REUBICACIÓN DE ASENTAMIENTOS ESTABLECIDOS EN ZONAS DE ALTO RIESGO
R.I.12.5,MONITOREO EVALUACIÓN Y ZONIFICACIÓN DE RIESGO PARA FINES DE PLANIFICACIÓN
R.I.12.6,ATENCIÓN DE DESASTRES
R.I.12.7,FORTALECIMIENTO DE LOS COMITÉS DE PREVENCIÓN Y ATENCIÓN DE DESASTRES
R.I.12.8,PREVENCIÓN PROTECCIÓN Y CONTINGENCIA EN OBRAS DE INFRAESTRUCTURA ESTRATÉGICA
R.I.12.9,EDUCACIÓN PARA LA PREVENCIÓN Y ATENCIÓN DE DESASTRES CON FINES DE CAPACITACIÓN Y PREPARACIÓN.
R.I.12.10,INVERSIÓNES EN INFRAESTRUCTURA FÍSICA PARA PREVENCIÓN Y REFORZAMIENTO ESTRUCTURAL.
R.I.12.11,DOTACIÓN DE MAQUINAS Y EQUIPOS PARA LOS CUERPOS DE BOMBEROS OFICIALES
R.I.12.12,CONTRATOS CELEBRADOS CON CUERPOS DE BOMBEROS PARA LA PREVENCIÓN Y CONTROL DE INCENDIOS
R.I.12.16,ADQUISICIÓN DE BIENES E INSUMOS PARA LA ATENCIÓN DE LA POBLACIÓN AFECTADA POR DESASTRES    
R.I.12.17,INFRAESTRUCTURA DE DEFENSA CONTRA LAS INUNDACIONES
R.I.12.18,PLAN PARA LA GESTIÓN DEL RIESGO DE DESASTRES
R.I.12.19,SISTEMAS INTEGRADOS DE INFORMACIÓN PARA LA GESTIÓN DEL RIESGO DE DESASTRES
R.I.12.20,CAPACIDAD COMUNITARIAS PARA LA GESTIÓN DEL RIESGO DE DESASTRES
R.I.12.21,ASEGURAMIENTO DE BIENES PÚBLICOS CONTRA DESASTRES 
R.I.13,PROMOCIÓN DEL DESARROLLO
R.I.13.1,PROMOCIÓN DE ASOCIACIONES Y ALIANZAS PARA EL DESARROLLO EMPRESARIAL E INDUSTRIAL
R.I.13.2,PROMOCIÓN DE CAPACITACIÓN PARA EMPLEO
R.I.13.3,FOMENTO Y APOYO A LA APROPIACIÓN DE TECNOLOGÍA EN PROCESOS EMPRESARIALES
R.I.13.4,ASISTENCIA TÉCNICA EN PROCESOS DE PRODUCCIÓN DISTRIBUCIÓN Y COMERCIALIZACIÓN Y ACCESO A FUENTES DE FINANCIACIÓN
R.I.13.5,PROMOCIÓN DEL DESARROLLO TURÍSTICO
R.I.13.6,CONSTRUCCIÓN MEJORAMIENTO Y MANTENIMIENTO DE INFRAESTRUCTURA FÍSICA
R.I.13.7,ADQUISICIÓN DE MAQUINARIA Y EQUIPO
R.I.13.11,PROYECTOS INTEGRALES DE CIENCIA TECNOLOGÍA E INNOVACIÓN
R.I.14,ATENCIÓN A GRUPOS VULNERABLES - PROMOCIÓN SOCIAL
R.I.14.1,PROTECCIÓN INTEGRAL A LA PRIMERA INFANCIA
R.I.14.2,PROTECCIÓN INTEGRAL DE LA NIÑEZ
R.I.14.3,PROTECCIÓN INTEGRAL A LA ADOLESCENCIA
R.I.14.4,ATENCIÓN Y APOYO AL ADULTO MAYOR
R.I.14.5,ATENCIÓN Y APOYO A MADRES/PADRES CABEZA DE HOGAR  
R.I.14.7,PROGRAMAS DE DISCAPACIDAD ( EXLCUYENDO ACCIONES DE SALUD PÚBLICA)
R.I.14.8,ATENCIÓN Y APOYO A LA POBLACIÓN REINSERTADA
R.I.14.9,ATENCIÓN Y APOYO A LOS GRUPOS INDÍGENAS
R.I.14.10,ATENCIÓN Y APOYO A LOS GRUPOS AFROCOLOMBIANOS
R.I.14.11,ATENCIÓN Y APOYO AL PUEBLO ROM 
R.I.14.13,PROGRAMAS DISEÑADOS  PARA LA SUPERACIÓN DE LA POBREZA  EXTREMA EN EL MARCO DE LA RED UNIDOS - MAS FAMILIAS EN ACCIÓN
R.I.14.17,ATENCIÓN Y APOYO A LA POBLACIÓN L.G.T.B.
R.I.14.18,PROTECCIÓN INTEGRAL A LA JUVENTUD
R.I.14.19,ATENCIÓN Y APOYO A LA MUJER 
R.I.14.20,ATENCIÓN Y APOYO A LAS VICTIMAS 
R.I.15,EQUIPAMIENTO 
R.I.15.1,PREINVERSIÓN DE INFRAESTRUCTURA
R.I.15.2,CONSTRUCCIÓN DE DEPENDENCIAS DE LA ADMINISTRACIÓN
R.I.15.3,MEJORAMIENTO Y MANTENIMIENTO DE DEPENDENCIAS DE LA ADMINISTRACIÓN
R.I.15.4,CONSTRUCCIÓN DE PLAZAS DE MERCADO MATADEROS CEMENTERIOS Y MOBILIARIOS DEL ESPACIO PÚBLICO
R.I.15.5,MEJORAMIENTO Y MANTENIMIENTO DE PLAZAS DE MERCADO MATADEROS CEMENTERIOS Y MOBILIARIOS DEL ESPACIO PÚBLICO
R.I.15.9,CONSTRUCCIÓN DE ZONAS VERDES PARQUES PLAZAS Y PLAZOLETAS
R.I.15.10,MEJORAMIENTO Y MANTENIMIENTO DE ZONAS VERDES PARQUES PLAZAS Y PLAZOLETAS
R.I.16,DESARROLLO COMUNITARIO
R.I.16.1,PROGRAMAS DE CAPACITACIÓN ASESORÍA Y ASISTENCIA TÉCNICA PARA CONSOLIDAR PROCESOS DE PARTICIPACIÓN CIUDADANA Y CONTROL SOCIAL
R.I.16.2,PROCESOS DE ELECCIÓN DE CIUDADANOS A LOS ESPACIOS DE PARTICIPACIÓN CIUDADANA
R.I.16.3,CAPACITACIÓN A LA COMUNIDAD SOBRE PARTICIPACIÓN EN LA GESTIÓN PÚBLICA 
R.I.17,FORTALECIMIENTO INSTITUCIONAL
R.I.17.1,PROCESOS INTEGRALES DE EVALUACIÓN INSTITUCIONAL Y REORGANIZACIÓN ADMINISTRATIVA
R.I.17.2,PROGRAMAS DE CAPACITACIÓN Y ASISTENCIA TÉCNICA ORIENTADOS AL DESARROLLO EFICIENTE DE LAS COMPETENCIAS DE LEY
R.I.17.3,PAGO DE INDEMNIZACIONES ORIGINADAS EN PROGRAMAS DE SANEAMIENTO FISCAL Y FINANCIERO - LEY 617 DE 2000
R.I.17.5,FINANCIACIÓN DE ACUERDOS DE RESTRUCTURACIÓN DE PASIVOS
R.I.17.6,ACTUALIZACIÓN DEL SISBEN
R.I.17.7,ESTRATIFICACIÓN SOCIOECONÓMICA
R.I.17.8,ACTUALIZACIÓN CATASTRAL
R.I.17.9,ELABORACIÓN Y ACTUALIZACIÓN DEL PLAN DE DESARROLLO
R.I.17.10,ELABORACIÓN Y ACTUALIZACIÓN DEL PLAN DE ORDENAMIENTO TERRITORIAL
R.I.18,JUSTICIA Y SEGURIDAD
R.I.18.1,PAGO DE INSPECTORES DE POLICÍA
R.I.18.2,CONTRATACIÓN DE SERVICIOS ESPECIALES DE POLICÍA EN CONVENIO CON LA POLICÍA NACIÓNAL
R.I.18.3,PAGO DE COMISARIOS DE FAMILIA MÉDICOS PSICÓLOGOS Y TRABAJADORES SOCIALES DE LAS COMISARÍAS DE FAMILIA.
R.I.18.4,FONDO DE SEGURIDAD DE LAS ENTIDADES TERRITORIALES - FONSET (LEY 1421 DE 2010)
R.I.18.8,PLAN DE ACCIÓN DE DERECHOS HUMANOS Y DIH
R.I.18.9,CONSTRUCCIÓN DE PAZ Y CONVIVENCIA FAMILIAR 
R.I.19,GASTOS ESPECÍFICOS DE REGALÍAS Y COMPENSACIONES (REGIMEN ANTERIOR DE REGALIAS LEY 141/94 y 756/02)
R.I.19.1,INTERVENTORIA TÉCNICA DE LOS PROYECTOS QUE SE EJECUTEN CON RECURSOS DE REGALÍAS Y COMPENSACIONES (REGIMEN ANTERIOR DE REGALIAS LEY 141/94 y 756/02)
VAL,CIFRA DE CONTROL
FVAC,SE REMITE FORMULARIO VACIO
FRSEP,EJECUCION SEPARADA
FRINC,EJECUCION INCLUIDA
CP,TOTAL DE CUENTAS POR PAGAR
CP.F,TOTAL CUENTAS POR PAGAR DE FUNCIONAMIENTO
CP.F.1,GASTOS DE PERSONAL
CP.F.2,GASTOS GENERALES
CP.F.3,TRANSFERENCIAS CORRIENTES
CP.F.4,PAGO DÉFICIT DE FUNCIONAMIENTO
CP.F.8,TRANSFERENCIAS DE CAPITAL
CP.F.9,COSTOS Y GASTOS ASOCIADOS A LA OPERACIÓN PRODUCCIÓN Y COMERCIALIZACIÓN
CP.F.10,OTROS GASTOS DE FUNCIONAMIENTO
CP.I,TOTAL INVERSIÓN 
CP.I.1,EDUCACIÓN
CP.I.1.1,COBERTURA
CP.I.1.1.1,PAGO DE PERSONAL 
CP.I.1.1.2,APORTES PATRONALES 
CP.I.1.1.3,CONTRATOS PARA LA PRESTACIÓN DEL SERVICIO EDUCATIVO 
CP.I.1.1.4,CONTRATOS PARA LA ADMINISTRACIÓN DE LA PRESTACIÓN DEL SERVICIO EDUCATIVO
CP.I.1.1.5,CONTRATACIÓN PARA EDUCACIÓN PARA JÓVENES Y ADULTOS
CP.I.1.1.6,CONTRATACIÓN DE ASEO A LOS ESTABLECIMIENTOS EDUCATIVOS ESTATALES
CP.I.1.1.7,CONTRATACIÓN DE VIGILANCIA A LOS ESTABLECIMIENTOS EDUCATIVOS ESTATALES
CP.I.1.1.8,CANCELACIONES DE PRESTASIONES SOCIALES DEL MAGISTERIO (CPSM)
CP.I.1.2,CALIDAD - MATRÍCULA
CP.I.1.2.1,PREINVERSIÓN: ESTUDIOS DISEÑOS CONSULTORIAS ASESORIAS E INTERVENTORIAS
CP.I.1.2.2,CONSTRUCCIÓN AMPLIACIÓN Y ADECUACIÓN DE INFRAESTRUCTURA EDUCATIVA
CP.I.1.2.3,MANTENIMIENTO DE INFRAESTRUCTURA EDUCATIVA
CP.I.1.2.4,DOTACIÓN INSTITUCIONAL DE INFRAESTRUCTURA EDUCATIVA
CP.I.1.2.5,DOTACIÓN INSTITUCIONAL DE MATERIAL Y MEDIOS PEDAGÓGICOS PARA EL APRENDIZAJE
CP.I.1.2.6,PAGO DE SERVICIOS PÚBLICOS DE LAS INSTITUCIONES EDUCATIVAS
CP.I.1.2.7,TRANSPORTE ESCOLAR
CP.I.1.2.8,CAPACITACIÓN A DOCENTES Y DIRECTIVOS DOCENTES
CP.I.1.2.9,FUNCIONAMIENTO BÁSICO DE LOS ESTABLECIMIENTOS EDUCATIVOS ESTATALES
CP.I.1.2.10,ALIMENTACIÓN ESCOLAR
CP.I.1.2.11,DISEÑO E IMPLEMENTACIÓN DE PLANES DE MEJORAMIENTO
CP.I.1.3,CALIDAD - GRATUIDAD
CP.I.1.3.8,TRANSFERENCIAS PARA CALIDAD GRATUIDAD  (SIN SITUACIÓN DE FONDOS)
CP.I.1.4,EFICIENCIA EN LA ADMINISTRACIÓN DEL SERVICIO EDUCATIVO
CP.I.1.4.1,MODERNIZACIÓN DE LA SECRETARIA DE EDUCACIÓN
CP.I.1.4.2,DISEÑO E IMPLEMENTACIÓN DEL SISTEMA DE INFORMACIÓN
CP.I.1.4.3,CONECTIVIDAD
CP.I.1.5,NECESIDADES EDUCATIVAS ESPECIALES
CP.I.1.5.1,SERVICIO PERSONAL APOYO
CP.I.1.5.2,FORMACIÓN DE DOCENTES
CP.I.1.5.3,DOTACIÓN
CP.I.1.5.4,MEJORAMIENTO DE CONDICIONES DE ACCECIBILIDAD DE INFRAESTRUCTURA EDUCATIVA  ESTATAL 
CP.I.1.6,INTERNADOS
CP.I.1.6.1,ALIMENTACIÓN
CP.I.1.6.2,DOTACIÓN INSTITUCIONAL
CP.I.1.6.3,ADECUACIÓN Y MEJORAMIENTO DE INFRAESTRUCTURA
CP.I.1.7,OTROS GASTOS EN EDUCACIÓN NO INCLUIDOS EN LOS CONCEPTOS ANTERIORES
CP.I.1.7.1,COMPETENCIAS LABORALES GENERALES Y FORMACIÓN PARA EL TRABAJO Y EL DESARROLLO HUMANO 
CP.I.1.7.2,APLICACIÓN DE PROYECTOS EDUCATIVOS TRANSVERSALES
CP.I.1.7.4,PAGO DE DÉFICIT DE INVERSIÓN EN EDUCACIÓN - (DE CARÁCTER EXCEPCIONAL)
CP.I.1.8,EDUCACIÓN SUPERIOR
CP.I.1.8.1,TRANSFERENCIA ARTÍCULO 86 LEY 30 DE 1992 PARA INVERSIÓN A UNIVERSIDADES PÚBLICAS
CP.I.1.8.2,TRANSFERENCIA PARA INVERSIÓN A INSTITUCIONES ESTATALES U OFICIALES DE EDUCACIÓN SUPERIOR QUE NO TENGAN EL CARÁCTER DE UNIVERSIDAD
CP.I.1.8.3,FONDOS DESTINADOS A BECAS SUBSIDIOS Y CRÉDITOS EDUCATIVOS UNIVERSITARIOS (LEY 1012 DE 2006)
CP.I.2,SALUD
CP.I.2.1,RÉGIMEN SUBSIDIADO 
CP.I.2.1.1,AFILIACIÓN AL RÉGIMEN SUBSIDIADO 
CP.I.2.1.3,0.4% INTERVENTORIA DEL RÉGIMEN SUBSIDIADO
CP.I.2.1.4,0.4% INSPECCIÓN VIGILANCIA Y CONTROL - SUPERINTENDENCIA DE SALUD
CP.I.2.1.9,PAGO DE DÉFICIT DE INVERSIÓN EN RÉGIMEN SUBSIDIADO (DE CARÁCTER EXCEPCIONAL)
CP.I.2.1.10,TRANSFERENCIA A LOS DEPARTAMENTOS POR SALDOS DE LIQUIDACIÓN EN LA AFILIACIÓN AL RÉGIMEN SUBSIDIADO
CP.I.2.1.11,TRANSFERENCIA REGIMEN SUBSIDIADO DEL DEPARTAMENTO A LOS MUNICIPIOS
CP.I.2.1.12,PRUEBA PILOTO EN MUNICIPIOS Y DISTRITOS  CATEGORIA 1 Y 2  PARA AJUSTE UPC REGIMEN SUBSIDIADO
CP.I.2.2,SALUD PÚBLICA   
CP.I.2.2.1,SALUD INFANTIL 
CP.I.2.2.2,SALUD SEXUAL Y REPRODUCTIVA
CP.I.2.2.3,SALUD ORAL
CP.I.2.2.4,SALUD MENTAL Y LESIONES VIOLENTAS EVITABLES
CP.I.2.2.5,LAS ENFERMEDADES TRANSMISIBLES Y LAS ZOONOSIS
CP.I.2.2.6,ENFERMEDADES CRÓNICAS NO TRANSMISIBLES
CP.I.2.2.7,NUTRICIÓN
CP.I.2.2.8,SEGURIDAD SANITARIA Y DEL AMBIENTE
CP.I.2.2.9,LA GESTIÓN PARA EL DESARROLLO OPERATIVO Y FUNCIONAL DEL PNSP
CP.I.2.2.10,VIGILANCIA EN SALUD PÚBLICA
CP.I.2.2.11,LABORATORIOS DE SALUD PUBLICA
CP.I.2.2.13,PAGO DE DÉFICIT DEL INVERSIÓN EN SALUD PÚBLICA
CP.I.2.2.14,GASTOS POR VENTA DE MEDICAMENTOS CONTROLADOS (FONDO ROTATORIO DE ESTUPEFACIENTES)
CP.I.2.3,PRESTACION DE SERVICIOS A LA POBLACION POBRE EN LO NO CUBIERTO CON SUBSIDIOS A LA DEMANDA 
CP.I.2.3.1,PRESTACION DE SERVICIOS DE SALUD PARA LA POBLACIÓN POBRE NO ASEGURADA
CP.I.2.3.2,PRESTACION DE SERVICIOS DE SALUD A LA POBLACIÓN POBRE AFILIADA AL REGIMEN SUBSIDIADO NO INCLUIDOS EN EL PLAN (NO POS-S)
CP.I.2.3.6,PAGO DE DÉFICIT DE INVERSIÓN EN SERVICIOS A LA POBLACION POBRE NO ASEGURADA VIGENCIA ANTERIOR (LEY 819 DE 2003)
CP.I.2.3.8,SERVICIOS EXCLUIDOS DEL PLAN OBLIGATORIO DE SALUD
CP.I.2.4,OTROS GASTOS EN SALUD
CP.I.2.4.1,INVESTIGACIÓN EN SALUD
CP.I.2.4.2,PAGO PASIVO PRESTACIONAL
CP.I.2.4.3,REORGANIZACIÓN DE REDES DE PRESTADORES DE SERVICIOS DE SALUD
CP.I.2.4.5,PAGO DE CARTERA HOSPITALARIA DE VIGENCIAS ANTERIORES 
CP.I.2.4.6,PAGO DE CARTERA A LAS EMPRESAS PROMOTORAS DE SALUD
CP.I.2.4.7,PAGO DE OTRAS DEUDAS QUE NO CORRESPONDEN A CARTERA HOSPITALARIA O INFRAESTRUCTURA
CP.I.2.4.8,INVERSIÓNES DIRECTAS EN LA RED PUBLICA SEGÚN PLAN BIENAL EN EQUIPOS
CP.I.2.4.9,INVERSIÓNES DIRECTAS EN LA RED PUBLICA SEGÚN PLAN BIENAL EN INFRAESTRUCTURA
CP.I.2.4.10,INVERSIÓNES DIRECTAS EN LA RED PUBLICA SEGÚN PLAN BIENAL EN OTROS CONCEPTOS
CP.I.2.4.13,PROMOCIÓN SOCIAL
CP.I.2.4.14,OTROS GASTOS DE SALUD EMERGENCIA Y DESASTRE
CP.I.2.4.15,PROGRAMAS SANEAMIENTO FISCAL Y FINANCIERO EMPRESAS SOCIALES DEL ESTADO -ESE
CP.I.3,AGUA POTABLE Y SANEAMIENTO BÁSICO  (SIN INCLUIR PROYECTOS DE VIS)
CP.I.3.10,SERVICIO DE ACUEDUCTO
CP.I.3.10.1,ACUEDUCTO-CAPTACIÓN
CP.I.3.10.2,ACUEDUCTO- ADUCCIÓN
CP.I.3.10.3,ACUEDUCTO- ALMACENAMIENTO
CP.I.3.10.4,ACUEDUCTO- TRATAMIENTO
CP.I.3.10.5,ACUEDUCTO- CONDUCCIÓN
CP.I.3.10.6, ACUEDUCTO- MACROMEDICIÓN
CP.I.3.10.7,ACUEDUCTO-DISTRIBUCIÓN
CP.I.3.10.8,ACUEDUCTO- MICROMEDICIÓN
CP.I.3.10.9,ACUEDUCTO- INDICE DE AGUA NO CONTABILIZADA
CP.I.3.10.10,ACUEDUCTO-PREINVERSIONES ESTUDIOS
CP.I.3.10.11,ACUEDUCTO-INTERVENTORÍA
CP.I.3.10.12,ACUEDUCTO- FORMULACIÓN IMPLEMENTACIÓN Y ACCIONES DE FORTALECIMIENTO PARA LA ADMINISTRACIÓN Y OPERACIÓN DE LOS SERVICIOS. 
CP.I.3.10.13,ACUEDUCTO- SUBSIDIOS
CP.I.3.10.14,"ACUEDUCTO- SUBSIDIOS. RECURSOS DEVUELTOS POR EL PDA (AGUAS PARA LA PROSPERIDAD) O ESP
"
CP.I.3.11,SERVICIO DE ALCANTARILLADO
CP.I.3.11.1,ALCANTARILLADO- RECOLECCIÓN
CP.I.3.11.2,ALCANTARILLADO - TRANSPORTE
CP.I.3.11.3,ALCANTARILLADO- TRATAMIENTO
CP.I.3.11.4,ALCANTARILLADO- DESCARGA
CP.I.3.11.5,ALCANTARILLADO-PREINVERSIONES ESTUDIOS
CP.I.3.11.6,ALCANTARILLADO-INTERVENTORÍA
CP.I.3.11.7,ALCANTARILLADO- FORTALECIMIENTO INSTITUCIONAL
CP.I.3.11.8,ALCANTARILLADO- SUBSIDIOS.
CP.I.3.11.9,ALCANTARILLADO- SUBSIDIOS.RECURSOS DEVUELTOS POR EL PDA (AGUAS PARA LA PROSPERIDAD) O ESP
CP.I.3.12,SERVICIO DE ASEO
CP.I.3.12.1,ASEO- PROYECTO DE TRATAMIENTO Y APROVECHAMIENTO DE RESIDUOS SOLIDOS
CP.I.3.12.2,ASEO- MAQUINARIA Y EQUIPOS
CP.I.3.12.3,ASEO- DISPOSICIÓN FINAL
CP.I.3.12.4,ASEO- PREINVERSIÓN Y ESTUDIOS
CP.I.3.12.5,ASEO-INTERVENTORÍA
CP.I.3.12.6,ASEO-FORTALECIMIENTO INSTITUCIONAL
CP.I.3.12.7, ASEO- SUBSIDIOS. 
CP.I.3.12.8,ASEO- SUBSIDIOS. RECURSOS DEVUELTOS POR EL PDA (AGUAS PARA LA PROSPERIDAD) O ESP
CP.I.3.13,TRANSFERENCIA PDA INVERSIÓN
CP.I.3.15,PAGO PASIVOS LABORALES
CP.I.3.16,MUNICIPIOS DESCERTIFICADOS
CP.I.3.17,PAGO DE DÉFICIT DE INVERSIÓN EN AGUA POTABLE Y SANEAMIENTO BÁSICO
CP.I.4,DEPORTE Y RECREACIÓN
CP.I.4.1,FOMENTO DESARROLLO Y PRÁCTICA DEL DEPORTE LA RECREACIÓN Y EL APROVECHAMIENTO DEL TIEMPO LIBRE
CP.I.4.2,CONSTRUCCIÓN MANTENIMIENTO Y/O ADECUACIÓN DE LOS ESCENARIOS DEPORTIVOS Y RECREATIVOS
CP.I.4.3,DOTACIÓN DE ESCENARIOS DEPORTIVOS E IMPLEMENTOS PARA LA PRACTICA DEL DEPORTE
CP.I.4.4,PREINVERSIÓN EN INFRAESTRUCTURA
CP.I.4.5,PAGO DE INSTRUCTORES CONTRATADOS PARA LA PRÁCTICA DEL DEPORTE Y LA RECREACIÓN
CP.I.4.8,PAGO DE DÉFICIT DE INVERSIÓN EN DEPORTE Y RECREACIÓN
CP.I.5,CULTURA
CP.I.5.1,FOMENTO APOYO Y DIFUSIÓN DE EVENTOS Y EXPRESIONES ARTÍSTICAS Y CULTURALES
CP.I.5.2,FORMACIÓN CAPACITACIÓN E INVESTIGACIÓN ARTÍSTICA Y CULTURAL
CP.I.5.3,PROTECCIÓN DEL PATRIMONIO CULTURAL 
CP.I.5.4,PREINVERSIÓN EN INFRAESTRUCTURA
CP.I.5.5,CONSTRUCCIÓN MANTENIMIENTO Y ADECUACIÓN DE LA INFRAESTRUCTURA ARTÍSTICA Y CULTURAL
CP.I.5.6,MANTENIMIENTO Y DOTACIÓN DE BIBLIOTECAS
CP.I.5.6.1,DOTACIÓN DE BIBLIOTECAS
CP.I.5.6.2,MANTENIMIENTO DE BIBLIOTECAS
CP.I.5.7,DOTACIÓN DE LA INFRAESTRUCTURA ARTÍSTICA Y CULTURAL  
CP.I.5.8,PAGO DE INSTRUCTORES CONTRATADOS PARA LAS BANDAS MUSICALES 
CP.I.5.9,EJECUCIÓN DE PROGRAMAS Y PROYECTOS ARTÍSTICOS Y CULTURALES
CP.I.5.12,SEGURIDAD SOCIAL DEL CREADOR Y GESTOR CULTURAL
CP.I.5.13,PAGO DE DÉFICIT DE INVERSIÓN EN CULTURA
CP.I.6,SERVICIOS PÚBLICOS DIFERENTES A ACUEDUCTO ALCANTARILLADO Y ASEO (SIN INCLUIR PROYECTOS DE VIVIENDA DE INTERÉS SOCIAL)
CP.I.6.1,SUBSIDIOS PARA USUARIOS DE MENORES INGRESOS - FONDO DE SOLIDARIDAD Y REDISTRIBUCIÓN DEL INGRESO
CP.I.6.2,MANTENIMIENTO Y EXPANSIÓN DEL SERVICIO DE ALUMBRADO PÚBLICO 
CP.I.6.2.1,EXPANSIÓN DEL SERVICIO DE ALUMBRADO PÚBLICO 
CP.I.6.2.2,MANTENIMIENTO DEL SERVICIO DE ALUMBRADO PÚBLICO 
CP.I.6.3,PAGO DE CONVENIOS O CONTRATOS DE SUMINISTRO DE ENERGÍA ELÉCTRICA PARA EL SERVICIO DE ALUMBRADO PÚBLICO O PARA EL MANTENIMIENTO Y EXPANSIÓN DEL SERVICIO DE ALUMBRADO PÚBLICO
CP.I.6.4,PREINVERSIÓN EN INFRAESTRUCTURA
CP.I.6.5,CONSTRUCCIÓN ADECUACIÓN Y MANTENIMIENTO DE INFRAESTRUCTURA DE SERVICIOS PÚBLICOS
CP.I.6.6,OBRAS DE ELECTRIFICACIÓN RURAL
CP.I.6.7,DISTRIBUCIÓN DE GAS COMBUSTIBLE
CP.I.6.8,TELEFONÍA PUBLICA CONMUTADA
CP.I.6.9,TELEFONÍA LOCAL MÓVIL EN EL SECTOR RURAL
CP.I.6.12,PAGO DE DÉFICIT DE INVERSIÓN EN SERVICIOS PÚBLICOS
CP.I.7,VIVIENDA
CP.I.7.1,SUBSIDIOS PARA ADQUISICIÓN DE VIVIENDA DE INTERÉS SOCIAL
CP.I.7.2,SUBSIDIOS PARA MEJORAMIENTO DE VIVIENDA DE INTERÉS SOCIAL
CP.I.7.3,PLANES Y PROYECTOS DE MEJORAMIENTO DE VIVIENDA Y SANEAMIENTO BÁSICO
CP.I.7.4,PLANES Y PROYECTOS DE CONSTRUCCIÓN DE VIVIENDA EN SITIO PROPIO
CP.I.7.5,PLANES Y PROYECTOS PARA LA ADQUISICIÓN Y/O CONSTRUCCIÓN DE VIVIENDA
CP.I.7.6,SUBSIDIOS PARA REUBICACIÓN DE VIVIENDAS ASENTADAS EN ZONAS ALTO RIESGO
CP.I.7.7,PROYECTOS DE TITULACIÓN Y LEGALIZACIÓN DE PREDIOS
CP.I.7.8,PREINVERSIÓN EN INFRAESTRUCTURA
CP.I.7.11,PAGO DE DÉFICIT DE INVERSIÓN EN VIVIENDA
CP.I.8,AGROPECUARIO
CP.I.8.1,PREINVERSIÓN EN INFRAESTRUCTURA
CP.I.8.2,MONTAJE DOTACIÓN Y MANTENIMIENTO DE GRANJAS EXPERIMENTALES
CP.I.8.3,PROYECTOS DE CONSTRUCCIÓN Y MANTENIMIENTO DE DISTRITOS DE RIEGO Y ADECUACIÓN DE TIERRAS
CP.I.8.3.1,PROYECTOS DE CONSTRUCCIÓN DE DISTRITOS DE RIEGO Y ADECUACIÓN DE TIERRAS
CP.I.8.3.2,PROYECTOS DE MANTENIMIENTO DE DISTRITOS DE RIEGO Y ADECUACIÓN DE TIERRAS
CP.I.8.4,PROMOCIÓN DE ALIANZAS ASOCIACIONES U OTRAS FORMAS ASOCIATIVAS DE PRODUCTORES
CP.I.8.5,PROGRAMAS Y PROYECTOS DE ASISTENCIA TÉCNICA DIRECTA RURAL
CP.I.8.6,PAGO DEL PERSONAL TÉCNICO VINCULADO A LA PRESTACIÓN DEL SERVICIO DE ASISTENCIA TÉCNICA DIRECTA RURAL
CP.I.8.7,CONTRATOS CELEBRADOS CON  ENTIDADES PRESTADORAS DEL SERVICIO DE ASISTENCIA TÉCNICA DIRECTA RURAL
CP.I.8.8,DESARROLLO DE PROGRAMAS Y PROYECTOS PRODUCTIVOS EN EL MARCO DEL PLAN AGROPECUARIO 
CP.I.8.11,PAGO DE DÉFICIT DE INVERSIÓN EN DESARROLLO AGROPECUARIO
CP.I.9,TRANSPORTE
CP.I.9.1,CONSTRUCCIÓN DE VÍAS 
CP.I.9.2,MEJORAMIENTO DE VÍAS
CP.I.9.3,REHABILITACIÓN DE VÍAS
CP.I.9.4,MANTENIMIENTO RUTINARIO DE VÍAS
CP.I.9.5,MANTENIMIENTO PERIÓDICO DE VÍAS
CP.I.9.6,CONSTRUCCIÓN DE INSTALACIONES PORTUARIAS FLUVIALES Y MARÍTIMAS
CP.I.9.7,MANTENIMIENTO DE INSTALACIONES PORTUARIAS FLUVIALES Y MARÍTIMAS
CP.I.9.8,CONSTRUCCIÓN DE TERMINALES DE TRANSPORTE Y AEROPUERTOS
CP.I.9.9,MEJORAMIENTO Y MANTENIMIENTO DE TERMINALES DE TRANSPORTE Y AEROPUERTOS
CP.I.9.10,ESTUDIOS Y PREINVERSIÓN EN INFRAESTRUCTURA
CP.I.9.11,COMPRA DE MAQUINARIA Y EQUIPO
CP.I.9.12,INTERVENTORIA DE PROYECTOS DE CONSTRUCCIÓN Y MANTENIMIENTO DE INFRAESTRUCTURA DE TRANSPORTE
CP.I.9.15,SISTEMAS DE TRANSPORTE MASIVO
CP.I.9.16,PLANES DE TRÁNSITO EDUCACIÓN DOTACIÓN DE EQUIPOS Y SEGURIDAD VIAL
CP.I.9.17,INFRAESTRUCTURA PARA TRANSPORTE NO MOTORIZADO (REDES PEATONALES Y CICLORUTAS)
CP.I.9.18,PAGO DE DÉFICIT DE INVERSIÓN EN TRANSPORTE
CP.I.10,AMBIENTAL
CP.I.10.1,DESCONTAMINACIÓN DE CORRIENTES O DEPÓSITOS DE AGUA AFECTADOS POR VERTIMIENTOS 
CP.I.10.2,DISPOSICIÓN ELIMINACIÓN Y RECICLAJE DE RESIDUOS LÍQUIDOS Y SÓLIDOS 
CP.I.10.3,CONTROL A LAS EMISIONES CONTAMINANTES DEL AIRE
CP.I.10.4,MANEJO Y APROVECHAMIENTO DE CUENCAS Y MICROCUENCAS HIDROGRÁFICAS
CP.I.10.5,CONSERVACIÓN DE MICROCUENCAS QUE ABASTECEN EL ACUEDUCTO PROTECCIÓN DE FUENTES Y REFORESTACIÓN DE DICHAS CUENCAS
CP.I.10.6,EDUCACIÓN AMBIENTAL NO FORMAL
CP.I.10.7,ASISTENCIA TÉCNICA EN RECONVERSIÓN TECNOLÓGICA 
CP.I.10.8,CONSERVACIÓN PROTECCIÓN RESTAURACIÓN Y APROVECHAMIENTO DE RECURSOS NATURALES Y DEL MEDIO AMBIENTE
CP.I.10.9,ADQUISICIÓN DE PREDIOS DE RESERVA HÍDRICA Y ZONAS DE RESERVA NATURALES
CP.I.10.10,ADQUISICIÓN DE ÁREAS DE INTERÉS PARA ACUEDUCTOS MUNICIPALES Y PAGO DE SERVICIOS AMBIENTALES (Art. 210 Ley 1450 de 2011)
A.10.10.1,ADQUISICIÓN DE ÁREAS DE INTERÉS PARA EL ACUEDUCTO MUNICIPAL
A.10.10.2,PAGO DE SERVICIOS AMBIENTALES
CP.I.10.11,REFORESTACIÓN Y CONTROL DE EROSIÓN
CP.I.10.14,MANEJO ARTIFICIAL DE CAUDALES (RECUPERACIÓN DE LA NAVEGABILIDAD DEL RÍO  HIDROLOGÍA MANEJO DE INUNDACIONES CANAL NAVEGABLE Y ESTIAJE)
CP.I.10.15,COMPRA DE TIERRAS PARA PROTECCIÓN DE MICROCUENCAS ASOCIADAS AL RÍO MAGDALENA
CP.I.10.16,PAGO DE DÉFICIT DE INVERSIÓN EN AMBIENTE
CP.I.10.17,EJECUCIÓN DE OBRAS DE REDUCCIÓN DEL RIESGO DE DESASTRES (MITIGACIÓN) EN CUENCAS HIDROGRÁFICAS 
CP.I.11,CENTROS DE RECLUSIÓN
CP.I.11.1,PREINVERSIÓN EN INFRAESTRUCTURA
CP.I.11.2,CONSTRUCCIÓN DE INFRAESTRUCTURA CARCELARIA
CP.I.11.3,MEJORAMIENTO Y MANTENIMIENTO DE INFRAESTRUCTURA CARCELARIA
CP.I.11.4,DOTACIÓN DE CENTROS CARCELARIOS
CP.I.11.5,ALIMENTACIÓN PARA LAS PERSONAS DETENIDAS
CP.I.11.6,TRANSPORTE DE RECLUSOS
CP.I.11.7,EDUCACIÓN PARA LA REHABILITACIÓN SOCIAL
CP.I.11.8,PAGO DEL PERSONAL DE LA GUARDIA PENITENCIARIA
CP.I.11.11,PAGO DE DÉFICIT DE INVERSIÓN EN CENTROS DE RECLUSIÓN
CP.I.12,PREVENCIÓN Y ATENCIÓN DE DESASTRES
CP.I.12.1,ELABORACIÓN DESARROLLO Y ACTUALIZACIÓN DE PLANES DE EMERGENCIA Y CONTINGENCIA
CP.I.12.2,PREINVERSIÓN EN INFRAESTRUCTURA
CP.I.12.3,ADECUACIÓN DE ÁREAS URBANAS Y RURALES EN ZONAS DE ALTO RIESGO
CP.I.12.4,ASENTAMIENTOS ESTABLECIDOS EN ZONAS DE ALTO RIESGO
CP.I.12.4.1,RECUPERACIÓN DE ÁREAS DESALOJADAS EN PROCESOS DE REUBICACIÓN DE ASENTAMIENTOS HUMANOS 
CP.I.12.4.2,REUBICACIÓN DE ASENTAMIENTOS HUMANOS CLASIFICADOS EN CONDICIÓN DE ALTO RIESGO DE DESASTRE 
CP.I.12.5,MONITOREO EVALUACIÓN Y ZONIFICACIÓN DE RIESGO PARA FINES DE PLANIFICACIÓN
CP.I.12.5.1,INSTALACIÓN Y OPERACIÓN DE SISTEMAS DE MONITOREO Y ALERTA ANTE AMENAZAS
CP.I.12.5.2,ESTUDIOS DE EVALUACIÓN Y ZONIFICACIÓN DE AMENAZAS PARA FINES DE PLANIFICACIÓN 
CP.I.12.6,ATENCIÓN DE DESASTRES
CP.I.12.6.1,AYUDA HUMANITARIA EN SITUACIONES DECLARADAS DE DESASTRES
CP.I.12.6.2,RECURSOS DEDICADOS AL PAGO ARRIENDOS O A LA PROVISIÓN DE ALBERGUES TEMPORALES 
CP.I.12.7,FORTALECIMIENTO DE LOS COMITÉS DE PREVENCIÓN Y ATENCIÓN DE DESASTRES
CP.I.12.8,PREVENCIÓN PROTECCIÓN Y CONTINGENCIA EN OBRAS DE INFRAESTRUCTURA ESTRATÉGICA
CP.I.12.9,EDUCACIÓN PARA LA PREVENCIÓN Y ATENCIÓN DE DESASTRES CON FINES DE CAPACITACIÓN Y PREPARACIÓN 
CP.I.12.10,INVERSIÓNES EN INFRAESTRUCTURA FÍSICA PARA PREVENCIÓN Y REFORZAMIENTO ESTRUCTURAL.
CP.I.12.11,DOTACIÓN DE MAQUINAS Y EQUIPOS PARA LOS CUERPOS DE BOMBEROS OFICIALES
CP.I.12.12,CONTRATOS CELEBRADOS CON CUERPOS DE BOMBEROS PARA LA PREVENCIÓN Y CONTROL DE INCENDIOS
CP.I.12.15,PAGO DE DÉFICIT DE INVERSIÓN EN PREVENCIÓN Y ATENCIÓN DE DESASTRES
CP.I.12.16,ADQUISICIÓN DE BIENES E INSUMOS PARA LA ATENCIÓN DE LA POBLACIÓN AFECTADA POR DESASTRES    
CP.I.12.17,INFRAESTRUCTURA DE DEFENSA CONTRA LAS INUNDACIONES
CP.I.12.18,PLAN PARA LA GESTIÓN DEL RIESGO DE DESASTRES
CP.I.12.19,SISTEMAS INTEGRADOS DE INFORMACIÓN PARA LA GESTIÓN DEL RIESGO DE DESASTRES
CP.I.12.20,CAPACIDAD COMUNITARIA PARA LA GESTIÓN DEL RIESGO DE DESASTRES
CP.I.12.21,ASEGURAMIENTO DE BIENES PÚBLICOS CONTRA DESASTRES 
CP.I.13,PROMOCIÓN DEL DESARROLLO
CP.I.13.1,PROMOCIÓN DE ASOCIACIONES Y ALIANZAS PARA EL DESARROLLO EMPRESARIAL E INDUSTRIAL
CP.I.13.2,PROMOCIÓN DE CAPACITACIÓN PARA EMPLEO
CP.I.13.3,FOMENTO Y APOYO A LA APROPIACIÓN DE TECNOLOGÍA EN PROCESOS EMPRESARIALES
CP.I.13.4,ASISTENCIA TÉCNICA EN PROCESOS DE PRODUCCIÓN DISTRIBUCIÓN Y COMERCIALIZACIÓN Y ACCESO A FUENTES DE FINANCIACIÓN
CP.I.13.5,PROMOCIÓN DEL DESARROLLO TURÍSTICO
CP.I.13.6,CONSTRUCCIÓN MEJORAMIENTO Y MANTENIMIENTO DE INFRAESTRUCTURA FÍSICA
CP.I.13.7,ADQUISICIÓN DE MAQUINARIA Y EQUIPO
CP.I.13.11,PROYECTOS INTEGRALES DE CIENCIA TECNOLOGÍA E INNOVACIÓN
CP.I.13.12,PAGO DE DÉFICIT DE INVERSIÓN EN PROMOCIÓN DEL DESARROLLO
CP.I.14,ATENCIÓN A GRUPOS VULNERABLES - PROMOCIÓN SOCIAL
CP.I.14.1,PROTECCIÓN INTEGRAL A LA PRIMERA INFANCIA
CP.I.14.1.5,PROGRAMA DE ATENCION INTEGRAL A LA PRIMERA INFANCIA
CP.I.14.1.10,INFRAESTRUCTURA 
CP.I.14.1.11,FORMACION DE TALENTO HUMANO
CPI.14.1.13,ESTRATEGIA DE ATENCION EN SALUD  (MIL PRIMEROS DIAS DE VIDA)
CPI.14.1.14,AMBITOS CULTURALES ADECUADOS Y ACCESIBLES PARA PRIMERA INFANCIA
CP.I.14.2,PROTECCIÓN INTEGRAL DE LA NIÑEZ
CP.I.14.2.1,CONSTRUCCIÓN DE INFRAESTRUCTURA
CP.I.14.2.2,ADECUACIÓN DE INFRAESTRUCTURA
CP.I.14.2.3,CONTRATACIÓN DEL SERVICIO
CP.I.14.2.4,PRESTACIÓN DIRECTA DEL SERVICIO
CP.I.14.3,PROTECCIÓN INTEGRAL A LA ADOLESCENCIA
CP.I.14.3.1,CONSTRUCCIÓN DE INFRAESTRUCTURA
CP.I.14.3.2,ADECUACIÓN DE INFRAESTRUCTURA
CP.I.14.3.3,CONTRATACIÓN DEL SERVICIO
CP.I.14.3.4,PRESTACIÓN DIRECTA DEL SERVICIO
CP.I.14.4,ATENCIÓN Y APOYO AL ADULTO MAYOR
CP.I.14.4.1,CONSTRUCCIÓN DE INFRAESTRUCTURA
CP.I.14.4.2,ADECUACIÓN DE INFRAESTRUCTURA
CP.I.14.4.3,CONTRATACIÓN DEL SERVICIO
CP.I.14.4.4,PRESTACIÓN DIRECTA DEL SERVICIO
CP.I.14.5,ATENCIÓN Y APOYO A MADRES/PADRES CABEZA DE HOGAR  
CP.I.14.5.1,CONSTRUCCIÓN DE INFRAESTRUCTURA
CP.I.14.5.2,ADECUACIÓN DE INFRAESTRUCTURA
CP.I.14.5.3,CONTRATACIÓN DEL SERVICIO
CP.I.14.5.4,PRESTACIÓN DIRECTA DEL SERVICIO
CP.I.14.7,PROGRAMAS DE DISCAPACIDAD ( EXLCUYENDO ACCIONES DE SALUD PÚBLICA)
CP.I.14.7.1,CONSTRUCCIÓN DE INFRAESTRUCTURA
CP.I.14.7.2,ADECUACIÓN DE INFRAESTRUCTURA
CP.I.14.7.3,CONTRATACIÓN DEL SERVICIO
CP.I.14.7.4,PRESTACIÓN DIRECTA DEL SERVICIO
CP.I.14.8,ATENCIÓN Y APOYO A LA POBLACIÓN REINSERTADA
CP.I.14.9,ATENCIÓN Y APOYO A LOS GRUPOS INDÍGENAS
CP.I.14.10,ATENCIÓN Y APOYO A LOS GRUPOS AFROCOLOMBIANOS
CP.I.14.11,ATENCIÓN Y APOYO AL PUEBLO ROM 
CP.I.14.13,PROGRAMAS DISEÑADOS  PARA LA SUPERACIÓN DE LA POBREZA  EXTREMA EN EL MARCO DE LA RED UNIDOS - MAS FAMILIAS EN ACCIÓN
CP.I.14.13.1,TALENTO HUMANO QUE DESARROLLA FUNCIONES DE CARÁCTER OPERATIVO
CP.I.14.13.2,ADQUISICIÓN DE INSUMOS SUMINISTROS Y DOTACIÓN
CP.I.14.16,PAGO DE DÉFICIT DE INVERSIÓN EN ATENCIÓN A GRUPOS VULNERABLES - PROMOCIÓN SOCIAL
CP.I.14.17,ATENCIÓN Y APOYO A LA POBLACIÓN L.G.T.B.
CP.I.14.17.1,CONSTRUCCIÓN DE INFRAESTRUCTURA
CP.I.14.17.2,ADECUACIÓN DE INFRAESTRUCTURA
CP.I.14.17.3,CONTRATACIÓN DEL SERVICIO
CP.I.14.17.4,PRESTACIÓN DIRECTA DEL SERVICIO
CP.I.14.18,PROTECCIÓN INTEGRAL A LA JUVENTUD
CP.I.14.18.1,CONSTRUCCIÓN DE INFRAESTRUCTURA
CP.I.14.18.2,ADECUACIÓN DE INFRAESTRUCTURA
CP.I.14.18.3,CONTRATACIÓN DEL SERVICIO
CP.I.14.18.4,PRESTACIÓN DIRECTA DEL SERVICIO
CP.I.14.19,ATENCIÓN Y APOYO A LA MUJER 
CP.I.14.20,ATENCIÓN Y APOYO A LAS VICTIMAS 
CP.I.14.20.1,VICTIMAS (NO INCLUYE PROYECTOS PARA DESPLZADOS)
CP.I.14.20.2,PROYECTOS PARA ATENDER A LA POBLACIÓN DESPLAZADA
CP.I.15,EQUIPAMIENTO 
CP.I.15.1,PREINVERSIÓN DE INFRAESTRUCTURA
CP.I.15.2,CONSTRUCCIÓN DE DEPENDENCIAS DE LA ADMINISTRACIÓN
CP.I.15.3,MEJORAMIENTO Y MANTENIMIENTO DE DEPENDENCIAS DE LA ADMINISTRACIÓN
CP.I.15.4,CONSTRUCCIÓN DE PLAZAS DE MERCADO MATADEROS CEMENTERIOS Y MOBILIARIOS DEL ESPACIO PÚBLICO
CP.I.15.5,MEJORAMIENTO Y MANTENIMIENTO DE PLAZAS DE MERCADO MATADEROS CEMENTERIOS Y MOBILIARIOS DEL ESPACIO PÚBLICO
CP.I.15.8,PAGO DE DÉFICIT DE INVERSIÓN EN EQUIPAMIENTO
CP.I.15.9,CONSTRUCCIÓN DE ZONAS VERDES PARQUES PLAZAS Y PLAZOLETAS
CP.I.15.10,MEJORAMIENTO Y MANTENIMIENTO DE ZONAS VERDES PARQUES PLAZAS Y PLAZOLETAS
CP.I.16,DESARROLLO COMUNITARIO
CP.I.16.1,PROGRAMAS DE CAPACITACIÓN ASESORÍA Y ASISTENCIA TÉCNICA PARA CONSOLIDAR PROCESOS DE PARTICIPACIÓN CIUDADANA Y CONTROL SOCIAL
CP.I.16.2,PROCESOS DE ELECCIÓN DE CIUDADANOS A LOS ESPACIOS DE PARTICIPACIÓN CIUDADANA
CP.I.16.3,CAPACITACIÓN A LA COMUNIDAD SOBRE PARTICIPACIÓN EN LA GESTIÓN PÚBLICA 
CP.I.16.8,PAGO DE DÉFICIT DE INVERSIÓN EN DESARROLLO COMUNITARIO
CP.I.17,FORTALECIMIENTO INSTITUCIONAL
CP.I.17.1,PROCESOS INTEGRALES DE EVALUACIÓN INSTITUCIONAL Y REORGANIZACIÓN ADMINISTRATIVA
CP.I.17.2,PROGRAMAS DE CAPACITACIÓN Y ASISTENCIA TÉCNICA ORIENTADOS AL DESARROLLO EFICIENTE DE LAS COMPETENCIAS DE LEY
CP.I.17.3,PAGO DE INDEMNIZACIONES ORIGINADAS EN PROGRAMAS DE SANEAMIENTO FISCAL Y FINANCIERO - LEY 617 DE 2000
CP.I.17.4,PAGO DE DÉFICIT FISCAL DE PASIVO LABORAL Y PRESTACIONAL EN PROGRAMAS DE SANEAMIENTO FISCAL Y FINANCIERO
CP.I.17.4.1,CAUSADO CON ANTERIORIDAD AL 31 DE DICIEMBRE DE 2000
CP.I.17.4.2,CAUSADO DESPUÉS DEL 31 DE DICIEMBRE DE 2000
CP.I.17.5,FINANCIACIÓN DE ACUERDOS DE RESTRUCTURACIÓN DE PASIVOS
CP.I.17.5.1,PASIVOS LABORALES Y PRESTACIONALES
CP.I.17.5.2,PASIVOS CON ENTIDADES PÚBLICAS Y DE SEGURIDAD SOCIAL
CP.I.17.5.3,PASIVOS CON ENTIDADES FINANCIERAS Y VIGILADAS POR LA SUPERINTENDENCIA
CP.I.17.5.4,DEMÁS ACREEDORES
CP.I.17.5.5,PASIVOS CLASIFICADOS COMO CONTINGENCIAS
CP.I.17.5.6,PASIVOS CLASIFICADOS COMO SALDOS POR DEPURAR
CP.I.17.6,ACTUALIZACIÓN DEL SISBEN
CP.I.17.7,ESTRATIFICACIÓN SOCIOECONÓMICA
CP.I.17.8,ACTUALIZACIÓN CATASTRAL
CP.I.17.9,ELABORACIÓN Y ACTUALIZACIÓN DEL PLAN DE DESARROLLO
CP.I.17.10,ELABORACIÓN Y ACTUALIZACIÓN DEL PLAN DE ORDENAMIENTO TERRITORIAL
CP.I.17.13,PAGO DE DÉFICIT DE INVERSIÓN EN FORTALECIMIENTO INSTITUCIONAL
CP.I.18,JUSTICIA Y SEGURIDAD 
CP.I.18.1,PAGO DE INSPECTORES DE POLICÍA
CP.I.18.2,CONTRATACIÓN DE SERVICIOS ESPECIALES DE POLICÍA EN CONVENIO CON LA POLICÍA NACIÓNAL
CP.I.18.3,PAGO DE COMISARIOS DE FAMILIA MÉDICOS PSICÓLOGOS Y TRABAJADORES SOCIALES DE LAS COMISARÍAS DE FAMILIA.
CP.I.18.4,FONDO DE SEGURIDAD DE LAS ENTIDADES TERRITORIALES - FONSET  (LEY 1421 DE 2010)
CP.I.18.4.1,DOTACIÓN Y MATERIAL DE GUERRA
CP.I.18.4.2,RECONSTRUCCIÓN DE CUARTELES Y DE OTRAS INSTALACIONES
CP.I.18.4.3,COMPRA DE EQUIPO DE COMUNICACIÓN MONTAJE Y OPERACIÓN DE REDES DE INTELIGENCIA
CP.I.18.4.4,RECOMPENSAS A PERSONAS QUE COLABOREN CON LA JUSTICIA Y SEGURIDAD DE LAS MISMAS
CP.I.18.4.5,SERVICIOS PERSONALES DOTACIÓN Y RACIONES PARA NUEVOS AGENTES Y SOLDADOS 
CP.I.18.4.6,GASTOS DESTINADOS A GENERAR AMBIENTES QUE PROPICIEN LA SEGURIDAD CIUDADANA Y LA PRESERVACIÓN DEL ORDEN PÚBLICO.
CP.I.18.4.7,DESARROLLO DEL PLAN INTEGRAL DE SEGURIDAD Y CONVIVENCIA CIUDADANA
CP.I.18.4.8,COMPRA DE TERRENOS
CP.I.18.7,PAGO DE DÉFICIT DE INVERSIÓN EN JUSTICIA
CP.I.18.8,PLAN DE ACCIÓN DE DERECHOS HUMANOS Y DIH
CP.I.18.9,CONSTRUCCIÓN DE PAZ Y CONVIVENCIA FAMILIAR 
CP.I.19,GASTOS ESPECÍFICOS DE REGALÍAS Y COMPENSACIONES (REGIMEN ANTERIOR DE REGALIAS LEY 141/94 Y 756/02)
CP.I.19.1,INTERVENTORIA TÉCNICA DE LOS PROYECTOS QUE SE EJECUTEN CON RECURSOS DE REGALÍAS Y COMPENSACIONES  (REGIMEN ANTERIOR DE REGALIAS LEY 141/94 Y 756/02)
FVAC,NO REPORTE DE INFORMACION
